Handle,Title,Vendor,Type,Tags,Variant Price,Variant Compare At Price,Cost per item,Shipping Destination,Status,Discount %,Margin %,Auto_Category,Text_Cluster
36-stage-upgraded-shower-filter-with-vitamin-c-veoryfly,VeoryFly Upgraded 36 Stage Shower Filter Vitamin C Activated Carbon,VeoryFly,Shower Filter,"36 stage, activated carbon, chlorine filter, featured, heavy metals, kdf filter, rust filter, sediment filter, shower filter, vitamin c, water filter, worldwide",15.29,21.99,,Unspecified,active,30.5,,Other,10
2026-new-hot-x8-pro-original-global-version-hq-intelligent-wifi-gps-6800mah-battery-dual-card-dual-standby-126597792093-ikv2u,X8 Pro Global Version 16GB 1TB 6800mAh Battery Dual SIM Android 14 Unlock,THE SEAMARK GLOBAL INNOVATIONS LIMITED,Unknown,"16gb ram, 1tb storage, 5g, android 14, dual sim, large battery, Nigeria, smartphone, unlocked, World-Wide, x8 pro",122.99,183.99,61.26,Worldwide,active,33.2,50.2,Other,10
purple16gb-1tb-2026-hot-f8-ultra-original-global-version-hq-intelligent-snapdragon-8-gen3-7800mah-battery-dual-card-dual-standby-126597792093-ul37f,Purple Hot F8 Ultra Smartphone 16GB 1TB Snapdragon 8 Gen3 7800mAh Battery,THE SEAMARK GLOBAL INNOVATIONS LIMITED,Unknown,"16GB RAM, 1TB storage, 7800mAh battery, Dual SIM, Hot F8 Ultra, Nigeria, Purple smartphone, Smartphone, Snapdragon 8 Gen3, World-Wide",128.99,192.99,47.55,Worldwide,active,33.2,63.1,Smartphones,10
womens-shoes-womens-sports-shoes-fleece-and-thickened-boots-lightweight-soft-soled-womens-snow-boots-126597792093-vnnwe,Women's Sports Lightweight Fleece Lined Slip On Winter Boots,THE SEAMARK GLOBAL INNOVATIONS LIMITED,Footwear,"casual winter wear, cold weather shoes, fleece lined shoes, lightweight footwear, Nigeria, quilted boots, slip on snow boots, women sports shoes, women winter boots",39.99,58.99,18.18,Nigeria,active,32.2,54.5,Footwear,0
womens-shoes-womens-sports-shoes-fleece-and-thickened-boots-lightweight-soft-soled-womens-snow-boots-126597792093-yitxh,Womens Lightweight Fleece Lined Soft Sole Snow Boots,THE SEAMARK GLOBAL INNOVATIONS LIMITED,Footwear,"ankle boots, casual shoes, fleece lined, Nigeria, slip on, snow boots, soft sole, warm footwear, winter boots, women boots",39.99,58.99,18.18,Nigeria,active,32.2,54.5,Footwear,0
waterproof-eva-furry-mules-slippers-women-2025-winter-metal-buckle-warm-plush-slippers-soft-thick-bottom-non-slip-indoor-slides-126597792093-jdje7,Women Winter Furry Mules Slippers Plush Metal Buckle Non Slip Waterproof Eva,THE SEAMARK GLOBAL INNOVATIONS LIMITED,Footwear,"faux fur, furry mules, indoor slides, metal buckle, Nigeria, non slip, plush clogs, winter slippers, women footwear",17.99,26.99,7.5,Nigeria,active,33.3,58.3,Footwear,6
new-casual-orthopedics-wide-feet-swollen-shoes-thumb-eversion-adjusting-soft-comfortable-diabetic-shoe-walking-shoes-126597792093-mkl0g,Black Orthopedic Wide Fit Diabetic Shoes For Swollen Feet Laceless Walk,THE SEAMARK GLOBAL INNOVATIONS LIMITED,Footwear,"breathable knit, diabetic shoes, edema, laceless, neuropathy, Nigeria, orthopedic shoes, slip on, swollen feet, walk shoes, wide fit",34.99,51.99,15.55,Nigeria,active,32.7,55.6,Footwear,1
women-sneakers-shoes-fashion-womenvulcanizedshoes-highquality-flatsshoes-womenwalking-blatform-plus-size-zapatillas-mujer-126597792093-7faor,Women Lightweight Flatform Sneakers Mesh Upper Casual Walking Shoes,THE SEAMARK GLOBAL INNOVATIONS LIMITED,Footwear,"athletic shoes, casual walking, comfort insole, EVA sole, flatform shoes, lightweight trainers, mesh upper, Nigeria, women sneakers",29.99,44.99,13.29,Nigeria,active,33.3,55.7,Footwear,1
women-slippers-2024-women-summer-new-round-head-slippers-water-diamond-flat-home-anti-skid-sandals-slides-women-zapatos-de-mujer-126597792093-lpa4u,Women Water Diamond Rhinestone Mesh Flat Slides Summer Home Anti Skid Sandals,THE SEAMARK GLOBAL INNOVATIONS LIMITED,Footwear,"anti skid, beach shoes, beige slippers, crystal mesh, home slippers, mesh sandals, Nigeria, rhinestone slides, summer flat, water diamond, women slides",23.99,35.99,6.34,Nigeria,active,33.3,73.6,Footwear,6
winter-womens-slippers-boots-fashion-fuzzy-fur-anti-slip-soft-sole-outdoor-indoor-warm-comfort-men-plush-houseshoes-couple-126597792093-jqht2,Winter Plush Slippers For Women Men Antislip Thick Sole Indoor House Shoes,THE SEAMARK GLOBAL INNOVATIONS LIMITED,Footwear,"antislip, cozy slippers, faux fur, house shoes, indoor shoes, Nigeria, plush slippers, suede, thick sole, warm footwear, winter slippers",15.99,22.99,6.2,Nigeria,active,30.4,61.2,Footwear,6
waterproof-cotton-slippers-for-women-men-winter-outdoor-indoor-home-plush-warm-thick-sole-anti-slip-cotton-shoes-for-couple-126597792093-9flzd,Women Men Waterproof Bear Pattern Plush Slippers Winter Warm Home Shoes,THE SEAMARK GLOBAL INNOVATIONS LIMITED,Footwear,"bear pattern, indoor shoes, Nigeria, platform slippers, plush shoes, unisex shoes, warm footwear, waterproof clogs, winter slippers",21.99,31.99,9.06,Nigeria,active,31.3,58.8,Footwear,6
sexy-pointed-toe-patent-leather-high-heels-temperament-girl-red-sole-party-dress-stiletto-pumps-classic-black-work-single-shoes-126597792093-m8puo,Classic Black Patent Leather Pointed Toe Stiletto Pumps Red Sole,THE SEAMARK GLOBAL INNOVATIONS LIMITED,Footwear,"black pumps, evening wear, Nigeria, office shoes, patent leather, pointed toe, red sole, stiletto pumps",31.99,47.99,14.37,Nigeria,active,33.3,55.1,Footwear,10
summer-breathable-non-slip-soft-sole-elderly-shoe-womens-casual-shoes-middle-aged-and-elderly-walking-flat-shoes-fo-women-126597792093-fhfrv,Women Breathable Knit Slip On Casual Flat Walking Shoes Non Slip Soft Sole,THE SEAMARK GLOBAL INNOVATIONS LIMITED,Footwear,"breathable knit, laceless shoes, mesh upper, Nigeria, non slip, slip on casual, soft sole, summer walking, women walking shoes",39.99,59.99,15.62,Nigeria,active,33.3,60.9,Footwear,1
snow-women-boots-fashion-unisex-shoes-slip-on-platform-shoes-for-women-ankle-boots-waterproof-plush-winter-shoes-botas-mujer-126597792093-tuvsh,Waterproof Winter Boots For Women Men Plush Lining Ankle Boots,THE SEAMARK GLOBAL INNOVATIONS LIMITED,Footwear,"Ankle boots, Deep grip, Nigeria, Plush lining, Rainy weather, Slip on, Snow boots, Unisex footwear, Waterproof boots",33.99,50.99,15.47,Nigeria,active,33.3,54.5,Footwear,0
women-shoes-breathable-vulcanized-shoes-white-zapawomen-sneakers-fashion-breathable-mesh-casual-walking-shoes-women-work-shoes-126597792093-vafaa,Women Breathable Mesh Sneakers Slip On Velcro Casual Walking Shoes,THE SEAMARK GLOBAL INNOVATIONS LIMITED,Footwear,"breathable mesh, casual footwear, mesh shoes, Nigeria, nurse shoes, slip on shoes, velcro shoes, walking shoes, women sneakers",20.99,31.99,8.93,Nigeria,active,34.4,57.5,Footwear,1
waterproof-cotton-slippers-for-women-men-winter-outdoor-indoor-non-slip-home-plush-shoes-thick-bottom-cute-bear-shoes-couple-126597792093-kb490,Waterproof Cotton Slippers Men Women Winter Indoor Non Slip Bear Thick Bottom,THE SEAMARK GLOBAL INNOVATIONS LIMITED,Footwear,"bear logo, fleece lining, Nigeria, non slip footwear, plush slippers, thick soles, unisex wear, waterproof slippers, winter footwear",17.99,25.99,7.04,Nigeria,active,30.8,60.9,Footwear,6
women-vulcanized-shoes-high-quality-women-sneakers-slip-on-flats-shoes-women-loafers-plus-size-42-walking-flat-126597792093-x1hna,Women Vulcanized Knit Sneakers Breathable Mesh Flats With White Rubber Sole,THE SEAMARK GLOBAL INNOVATIONS LIMITED,Footwear,"breathable mesh, casual wear, knit flats, Nigeria, rubber sole, slip on shoes, vulcanized sneakers, walking shoes, women sneakers",24.99,36.99,10.55,Nigeria,active,32.4,57.8,Footwear,1
womens-shoes-summer-2026-casual-sneaker-new-style-two-color-single-shoes-versatile-casual-and-fashionable-work-shoes-126597792093-2k72i,Women Casual Mesh Sneakers Beige Grey Pink Lightweight Summer Comfortable Shoes,THE SEAMARK GLOBAL INNOVATIONS LIMITED,Footwear,"Casual Footwear, Comfort Shoes, Flat Sneakers, Lightweight Shoes, Mesh Shoes, Nigeria, Summer Sneakers, Walking Shoes, Women Sneakers",33.99,50.99,15.43,Nigeria,active,33.3,54.6,Footwear,1
women-shoes-convenient-and-comfortable-at-home-one-foot-with-a-vent-and-half-slipper-womens-summer-shoes-126597792093-qsdku,Women Breathable Mesh Half Slipper Slip On Open Heel Summer Shoes,THE SEAMARK GLOBAL INNOVATIONS LIMITED,Footwear,"breathable shoes, casual shoes, half slipper, knit mesh, mesh slipper, mule shoes, Nigeria, open heel, slip on shoes, summer shoes, women slipper",26.99,39.99,11.61,Nigeria,active,32.5,57.0,Footwear,1
women-sandals-new-summer-wedges-heels-platform-sandals-women-hollow-out-gladiator-sandals-breathable-thick-sole-shoes-for-women-126597792093-xwij6,Women Summer Platform Wedge Sandals Metallic Hollow Out Gladiator Shoes,THE SEAMARK GLOBAL INNOVATIONS LIMITED,Footwear,"cutout footwear, gladiator shoes, hollow out design, metallic finish, Nigeria, platform wedges, summer style, thick sole, Women sandals",36.99,54.99,4.63,Nigeria,active,32.7,87.5,Footwear,1
spring-new-womens-sports-shoes-fashionable-breathable-lightweight-non-slip-wear-resistant-casual-sports-shoes-flat-shoes-126597792093-zqepx,Women Casual Breathable Knit Sneakers Slip On Lightweight Flat Shoes,THE SEAMARK GLOBAL INNOVATIONS LIMITED,Footwear,"breathable mesh, flat shoes, knit sneakers, lightweight footwear, Nigeria, slip on shoes, summer shoes, walking shoes, women casual",29.99,43.99,13.17,Nigeria,active,31.8,56.1,Footwear,1
womens-sports-shoes-mesh-lightweight-soft-sole-jogging-strap-breathable-fashion-sports-walking-casual-tennis-flat-shoes-for-men-126597792093-igd2q,Women Breathable Knit Mesh Sneakers Lightweight Walking Jogging Flat Shoes,THE SEAMARK GLOBAL INNOVATIONS LIMITED,Footwear,"breathable sneakers, flat shoes, gym shoes, jogging shoes, knit mesh, lightweight shoes, Nigeria, UK, walking shoes, women sneakers",34.99,52.99,16.01,UK,active,34.0,54.2,Footwear,1
womens-luxury-beaded-mary-jane-leather-shoes-springautumn-fashion-comfortable-elegant-flat-black-walking-shoes-zapatos-mujer-126597792093-m70ar,Women Black Patent Leather Mary Jane Shoes Pearl Bead Buckle Walking Flat,THE SEAMARK GLOBAL INNOVATIONS LIMITED,Footwear,"Black leather, Chunky sole, Flat shoes, Mary Jane shoes, Nigeria, Patent leather, Pearl buckle, Strap shoes, UK, Walking shoes",33.99,49.99,15.18,UK,active,32.0,55.3,Footwear,1
women-sneakers-shoes-fashion-womenvulcanizedshoes-highquality-flatsshoes-womenwalking-blatform-plus-size-zapatillas-mujer-126597792093-smxu3,Women Grey Pink Platform Sneakers Breathable Mesh Casual Walking Shoes,THE SEAMARK GLOBAL INNOVATIONS LIMITED,Footwear,"breathable mesh, casual walking, grey pink, jogger shoes, light shoes, Nigeria, platform shoes, rubber sole, women sneakers",29.99,44.99,13.26,Nigeria,active,33.3,55.8,Footwear,1
womens-sports-shoes-2026-breathable-single-mesh-shoes-womens-casual-and-versatile-sports-shoes-126597792093-g8yxp,Women's Breathable Mesh Sneakers Casual Sports Walking Shoes,THE SEAMARK GLOBAL INNOVATIONS LIMITED,Footwear,"Athletic shoes, Breathable mesh, Casual shoes, Chunky sole, Grey sneakers, Knit upper, Mesh sneakers, Nigeria, Sports footwear, UK, Walking shoes, Women sneakers",35.99,53.99,16.38,UK,active,33.3,54.5,Footwear,1
women-casual-shoes-fashion-breathable-walking-mesh-flat-shoes-sneakers-women-2021-gym-vulcanized-shoes-white-female-footwear-126597792093-elaan,Women White Breathable Mesh Casual Walking Sneakers Flat Shoes,THE SEAMARK GLOBAL INNOVATIONS LIMITED,Footwear,"breathable knit, casual footwear, flat shoes, Nigeria, vulcanized outsole, walking sneakers, white mesh, women sneakers, workout shoes",24.99,36.99,10.57,Nigeria,active,32.4,57.7,Footwear,1
womens-casual-sports-shoes-solid-color-breathable-sports-soft-soled-lightweight-walking-shoes-low-top-knitted-casual-shoes-126597792093-52i4c,Ladies Lightweight Breathable Knitted Soft Sole Casual Walking Shoes,THE SEAMARK GLOBAL INNOVATIONS LIMITED,Footwear,"breathable mesh, casual footwear, Ladies walking shoes, lightweight knit shoes, low top shoes, Nigeria, slip on shoes, soft sole sneakers, summer shoes, UK",27.99,41.99,12.52,UK,active,33.3,55.3,Footwear,1
womens-shoes-2026-summer-casual-convenient-and-comfortable-fashionable-single-color-casual-work-shoes-126597792093-qbev0,Women Breathable Mesh Slip On Summer Casual Walking Shoes Comfortable Sneakers,THE SEAMARK GLOBAL INNOVATIONS LIMITED,Footwear,"breathable mesh, casual walking, comfortable shoes, knit upper, lightweight shoes, low heel, Nigeria, slip on sneakers, summer footwear, UK, women shoes",30.99,45.99,13.82,UK,active,32.6,55.4,Footwear,1
womens-shoes-womens-sports-shoes-summer-flying-woven-mesh-soft-sole-breathable-sports-shoes-126597792093-osrtr,Women Lightweight Flying Woven Mesh Breathable Casual Walking Sneakers,THE SEAMARK GLOBAL INNOVATIONS LIMITED,Footwear,"breathable mesh shoes, casual walker shoes, cutout toe, flying woven mesh, lightweight casual footwear, Nigeria, sage green shoes, summer knit sneakers, UK, women walking sneakers",26.99,39.99,11.67,UK,active,32.5,56.8,Footwear,1
new-fur-slippers-for-women-men-winter-furry-fashion-warm-ankles-plush-cozy-slides-for-home-indoor-soft-sole-cotton-shoes-126597792093-dlqo2,Unisex Winter Corduroy Plush Slippers Warm Faux Fur Indoor Cozy House Shoes,THE SEAMARK GLOBAL INNOVATIONS LIMITED,Footwear,"closed toe slippers, corduroy slippers, cozy footwear, faux fur slippers, indoor house shoes, Nigeria, plush mules, slip on slippers, unisex slippers, warm shoes, winter slippers",21.99,31.99,9.11,Nigeria,active,31.3,58.6,Footwear,6
womens-shoes-womens-sports-shoes-fleece-and-thickened-boots-lightweight-soft-soled-womens-snow-boots-126597792093-kjkg9,Womens Lightweight Slip On Fleece Lined Winter Soft Sole Boots,THE SEAMARK GLOBAL INNOVATIONS LIMITED,Unknown,"fleece lined, lightweight footwear, quilted boots, slip on boots, soft sole, UK, warm shoes, winter wear, women winter boots",39.99,58.99,18.18,UK,active,32.2,54.5,Footwear,0
womens-imitation-comfortable-tummy-control-fitness-gym-yoga-pants-daily-wear-tummy-control-hip-lifting-skinny-yoga-pants-126597792093-iatzq,Women's Imitation Denim Leggings High Waist Tummy Control Skinny Yoga Pants,THE SEAMARK GLOBAL INNOVATIONS LIMITED,Bottoms,"casual activewear, denim look, gym wear, high rise pants, high waist leggings, imitation denim, Nigeria, skinny yoga pants, tummy control",21.99,31.99,9.18,Nigeria,active,31.3,58.3,Apparel,5
elegant-solid-basic-knitted-tops-women-turtlneck-sweater-long-sleeve-casual-slim-pullover-korean-fashion-simple-chic-clothes-126597792093-rj6bc,Women Solid Ribbed Turtleneck Pullover Long Sleeve Korean Sweater,THE SEAMARK GLOBAL INNOVATIONS LIMITED,Tops,"knitted top, korean fashion, long sleeve top, Nigeria, ribbed turtleneck, slim fit pullover, turtleneck collar, women sweater",15.99,23.99,6.34,Nigeria,active,33.3,60.4,Apparel,10
turtleneck-top-y2k-clothes-black-gothic-cross-hollow-slimming-bottom-t-shirt-for-women-long-sleeve-sexy-t-shirt-girls-tops-126597792093-mzfzr,Black Y2K Gothic Cross Hollow Turtleneck Long Sleeve T Shirt Women,THE SEAMARK GLOBAL INNOVATIONS LIMITED,Tops,"alternative wardrobe, black turtleneck, bodycon fit, cross top, hollow lace, long sleeve, mesh insert, Nigeria, y2k gothic",21.99,31.99,9.16,Nigeria,active,31.3,58.3,Apparel,10
mooyufon-long-sleeves-see-through-lace-crop-top-solid-sexy-bodycon-t-shirt-for-women-party-club-autumn-winter-clothes-126597792093-cfx06,Women Black See Through Lace Long Sleeve Crop Top Floral Bodycon Shirt,THE SEAMARK GLOBAL INNOVATIONS LIMITED,Tops,"black lace, bodycon, crop top, evening wear, floral, long sleeve, Nigeria, nightout, see through, sheer top, women",16.99,24.99,6.76,Nigeria,active,32.0,60.2,Apparel,10
summer-and-autumn-versatile-trendy-womens-short-dresses-suitable-for-daily-leisure-and-commuting-126597792093-ko1x5,Women Grey Bodycon Mini Dress Summer Autumn Casual Short Sleeve Trendy,THE SEAMARK GLOBAL INNOVATIONS LIMITED,Dresses,"autumn clothing, cap sleeve, casual style, grey bodycon, mini dress, Nigeria, square neck, summer dress, women fashion",16.99,25.99,6.88,Nigeria,active,34.6,59.5,Apparel,8
short-sleeved-spa-uniform-women-hospital-nursing-uniform-multicolor-stretch-fabric-pet-clinic-vet-work-clothes-nurse-accessories-126597792093-g2dbq,Women Short Sleeve V Neck Scrubs Set Jogger Pants Stretch Surgical Uniform,THE SEAMARK GLOBAL INNOVATIONS LIMITED,Bottoms,"clinic uniform, jogger pants, medical wear, Nigeria, nursing uniform, scrubs set, short sleeve, stretch fabric, surgical uniform, v neck, veterinary scrubs",26.99,39.99,11.77,Nigeria,active,32.5,56.4,Apparel,10
womens-high-waisted-black-yoga-flared-pants-sexy-leggings-comfortable-stretchy-casual-trousers-for-fitness-and-exercise-126597792093-rkzoo,Women High Waisted Black Flared Leggings Stretchy Casual Workout Pants,THE SEAMARK GLOBAL INNOVATIONS LIMITED,Bottoms,"activewear, ankle length, black flared leggings, casual streetwear, elastic waist, high waisted, Nigeria, stretchy workout, yoga pants",18.99,28.99,7.98,Nigeria,active,34.5,58.0,Apparel,2
fashion-irregular-tassel-chain-brooch-women-new-design-multi-functional-pants-chain-charm-clothes-pin-accessory-jewelry-126597792093-lplws,Women Irregular Tassel Chain Brooch Multi Functional Pants Charm Jewelry,THE SEAMARK GLOBAL INNOVATIONS LIMITED,Jewelry,"blazer pin, brooch, denim accessory, fashion accessory, gold jewelry, lapel pin, metal pin, Nigeria, pants charm, tassel chain, vintage style",6.99,9.99,1.35,Nigeria,active,30.0,80.7,Bags & Accessories,7
womens-high-waisted-flared-yoga-pants-with-pockets-tummy-control-bootcut-leggings-for-gym-fitness-casual-wear-126597792093-snrit,Women High Waisted Flared Yoga Pants with Pockets Tummy Control Bootcut Leggings,THE SEAMARK GLOBAL INNOVATIONS LIMITED,Footwear,"activewear, bootcut, flared pants, gym wear, high rise, high waist, Nigeria, pocket pants, tummy control, workout, yoga leggings",25.99,37.99,11.06,Nigeria,active,31.6,57.4,Footwear,2
girl-3-pcs-set-cosplay-costume-fashion-clothes-stage-performance-role-play-dress-up-uniform-children-show-party-costumes-126597792093-arss9,Girls 3 Piece Space Print Top Skirt Set Cosplay Stage Performance Costume,THE SEAMARK GLOBAL INNOVATIONS LIMITED,Children's Clothing,"cosplay set, crop top, dance recital, Girls costume, Nigeria, party dress, performance wear, school play, skirt set, space print, stage outfit",20.99,31.99,9.03,Nigeria,active,34.4,57.0,Children's Clothing,8
cotton-linen-kids-clothes-girls-outfit-summer-boy-clothing-sets-solid-color-short-sleeve-tops-shorts-children-clothing-2-7-years-126597792093-wcona,Cotton Linen Kids Summer Outfit Set Short Sleeve Top With Shorts Age 2 To 7,THE SEAMARK GLOBAL INNOVATIONS LIMITED,Children's Clothing,"breathable fabric, cotton linen, kids summer outfit, matching shorts, Nigeria, short top, summer wear, toddler clothes, two piece set",15.99,23.99,6.27,Nigeria,active,33.3,60.8,Children's Clothing,8
girls-costume-children-cosplay-princess-dress-kids-halloween-birthday-pageant-party-rapunzel-dress-girl-carnival-tangled-clothes-126597792093-qmnbd,Girls Rapunzel Princess Cosplay Dress Costume Set Birthday Halloween Party,THE SEAMARK GLOBAL INNOVATIONS LIMITED,Children's Clothing,"Birthday gift, Children fantasy, Girls dress, Halloween party, Kids cosplay, Nigeria, Princess costume, Rapunzel dress, Tangled outfit",21.99,32.99,9.32,Nigeria,active,33.3,57.6,Children's Clothing,8
summer-baby-boy-casual-clothes-cartoon-dinosaur-t-shirt-short-pants-2pcsset-sport-kids-lapel-suits-children-fashion-0-5-years-126597792093-xjjlf,Summer Toddler Boy Cartoon Dinosaur Lapel Polo Shirt Shorts 2 Piece Set Black,THE SEAMARK GLOBAL INNOVATIONS LIMITED,Children's Clothing,"black shorts, boys clothing, casual set, dinosaur polo, dinosaur suit, kids apparel, lapel shirt, Nigeria, summer outfit, toddler boy",19.99,28.99,8.14,Nigeria,active,31.0,59.3,Children's Clothing,10
kids-girls-cosplay-snow-queen-elsa-anna-princess-dress-girl-mesh-ball-gown-carnival-birthday-clothes-snow-queen-elsa-costume-126597792093-fzvob,Kids Frozen Elsa Anna Birthday Dress Cosplay Ball Gown Costume,THE SEAMARK GLOBAL INNOVATIONS LIMITED,Children's Clothing,"Anna dress, Ball gown, Birthday outfit, Cosplay dress, Elsa costume, Frozen costume, Kids dress, Nigeria, Princess dress",34.99,51.99,15.82,Nigeria,active,32.7,54.8,Children's Clothing,8
summer-quick-drying-clothes-3d-printed-mens-t-shirt-oversized-loose-round-neck-short-sleeved-shirt-126597792093-pvpoo,Summer Men's 3D Printed Quick Drying Oversized Short Sleeve Tshirt,THE SEAMARK GLOBAL INNOVATIONS LIMITED,Tops,"3d print, activewear, breathable, casual wear, men, Nigeria, oversized, quick drying, short sleeve, summer tshirt",13.99,19.99,5.08,Nigeria,active,30.0,63.7,Apparel,10
dress-for-girls-kpop-cartoon-graphic-funny-gift-for-fan-harajuku-girl-clothes-summer-tops-short-sleeve-dress-childrens-clothing-126597792093-ajmla,Girls Kpop Cartoon Graphic Dress Short Sleeve Harajuku Summer Kids Clothing,THE SEAMARK GLOBAL INNOVATIONS LIMITED,Children's Clothing,"Anime clothing, Cartoon dress, Girls dress, Graphic print, Harajuku style, Kids clothing, Kpop outfit, Nigeria, Summer dress",12.99,19.99,4.99,Nigeria,active,35.0,61.6,Children's Clothing,8
1pc-5-slot-watch-case-hard-shell-travel-organizer-with-pillow-insert-gift-ready-blacksuitable-for-smart-watch-storage-126597792093-7twre,Black 5 Slot Hard Shell Watch Case Travel Organizer With Pillow Insert,THE SEAMARK GLOBAL INNOVATIONS LIMITED,Unknown,"5 slot case, hard shell, Nigeria, pillow insert, smart-gadgets, timepiece case, travel accessory, travel organizer, watch box, watch case, watch storage, wristwatch holder",13.99,20.99,5.24,Nigeria,active,33.3,62.5,Watches,10
smart-watch-for-women-men-wristwatch-bluetooth-connected-phone-player-music-fitness-sport-bracelet-sleep-monitor-digital-watches-126597792093-liwdg,Bluetooth Smart Watch For Men Women Fitness Tracker Heart Rate Sleep Monitor,THE SEAMARK GLOBAL INNOVATIONS LIMITED,Watches,"Bluetooth Watch, Calorie Tracker, Fitness Tracker, Health Tracker, Heart Rate Monitor, Nigeria, Pedometer, Sleep Tracker, Smart Watch",9.99,13.99,3.04,Nigeria,active,28.6,69.6,Watches,4
laxasfit-new-mens-smart-watch-led-flashlight-outdoor-sports-smart-watch-wristwatch-health-monitoring-smart-watch-126597792093-46ccs,LAXASFIT Men Smart Watch LED Flashlight Outdoor Sports Health Wristwatch,THE SEAMARK GLOBAL INNOVATIONS LIMITED,Watches,"Fitness Tracker, Heart Rate Monitor, LED Flashlight, Nigeria, Outdoor Sports, Rugged Wristwatch, Smart Watch, Touch Display, Weather Updates",14.99,21.99,5.84,Nigeria,active,31.8,61.0,Watches,4
ocean-strap-for-apple-watch-ultra-2-band-49mm-10-9-8-7-45mm-41mm-silicone-bracelet-wristband-iwatch-6-5-4-3-se-44mm-40-42mm-band-126597792093-mczag,Ocean Silicone Band For Apple Watch Ultra 2 49mm Silicone Wristband,THE SEAMARK GLOBAL INNOVATIONS LIMITED,Unknown,"49mm, Apple Watch Ultra, Elastomer, Nigeria, Ocean Band, Silicone Band, smart-gadgets, Sports Band, Titanium Buckle, Wristband",5.99,8.99,1.34,Nigeria,active,33.4,77.6,Watches,3
laxasfit-2025-new-smart-watch-for-men-women-gift-full-touch-screen-sports-fitness-watch-bluetooth-call-digital-smartwatch-126597792093-vx9rf,Laxasfit Smart Watch For Men Women Bluetooth Call Full Screen Fitness Tracker,THE SEAMARK GLOBAL INNOVATIONS LIMITED,Watches,"bluetooth call, digital watch, fitness tracker, full screen, health monitor, heart rate, metal mesh, Nigeria, smartwatch",26.99,39.99,11.54,Nigeria,active,32.5,57.2,Watches,4
2026-new-military-smart-watch-men-ip67-3atm-outdoor-sports-fitness-tracker-health-monitor-144inch-bt-call-smartwatch-126597792093-8aiex,Men Military Smart Watch Outdoor IP67 Touchscreen Fitness Tracker BT Call,THE SEAMARK GLOBAL INNOVATIONS LIMITED,Unknown,"bt call, fitness tracker, ip67, military smartwatch, Nigeria, outdoor tracker, rugged watch, smart-gadgets, sports watch, touchscreen watch",13.99,19.99,5.09,Nigeria,active,30.0,63.6,Watches,4
20mm-22mm-watch-band-for-samsung-galaxy-watch-65pro46-classicactive-2-silicone-sport-bracelet-huawei-gt-4-3-pro-2-2e-strap-126597792093-6xdp1,20mm 22mm Silicone Sport Watch Band for Samsung Huawei Smartwatch Strap,THE SEAMARK GLOBAL INNOVATIONS LIMITED,Unknown,"20mm, 22mm, buckle clasp, geometric pattern, huawei, Nigeria, replacement wristband, samsung, silicone band, smart-gadgets, smartwatch strap, sport bracelet",5.99,8.99,1.37,Nigeria,active,33.4,77.1,Watches,3
silicone-band-for-apple-watch-strap-44mm-45mm-40mm-41mm-42-38mm-45-mm-sport-bracelet-iwatch-series-8-7-6-5-4-3-se-9-ultra-2-49mm-126597792093-bh2ht,Premium Silicone Sport Band For Apple Watch 44mm 45mm Series 8 Ultra,THE SEAMARK GLOBAL INNOVATIONS LIMITED,Unknown,"Apple Watch band, Nigeria, Replacement band, Series 8, Silicone strap, smart-gadgets, Sport bracelet, Stainless clasp, Ultra band, Watch accessory",5.99,8.99,1.31,Nigeria,active,33.4,78.1,Watches,3
fashion-women-slippers-cotton-plush-warm-female-light-eva-flat-bottom-non-slip-comfortable-slides-winter-autumn-house-shoes-126597792093-ldko4,Women Leopard Print Plush Slippers Winter Warm Faux Fur EVA House Shoes,THE SEAMARK GLOBAL INNOVATIONS LIMITED,Unknown,"cozy indoor, EVA outsole, faux fur plush, leopard print slippers, non slip sole, plush shoes, UK shipping, winter slippers, women house shoes",9.99,13.99,3.07,Unspecified,active,28.6,69.3,Footwear,6
womens-home-slippers-cute-cartoon-eva-indoor-home-bathroom-sandals-soft-sole-non-slip-summer-outdoor-beach-couple-shoes-126597792093-d63jw,Women Cute Cartoon Bear EVA Sandals Non Slip Soft Indoor Outdoor Beach Slides,THE SEAMARK GLOBAL INNOVATIONS LIMITED,Unknown,"Beach Slides, Cartoon Bear, EVA Slides, Indoor Slippers, Non Slip, Outdoor Sandals, Summer Footwear, UK, Waterproof Sandals, Women Sandals",9.99,14.99,3.28,UK,active,33.4,67.2,Footwear,6
womens-home-slippers-cute-cartoon-eva-indoor-home-bathroom-sandals-soft-sole-non-slip-summer-outdoor-beach-couple-shoes-126597792093-lvuvg,Women Cartoon Bear EVA Slide Sandals Soft Sole Non Slip Home Slippers,THE SEAMARK GLOBAL INNOVATIONS LIMITED,Unknown,"cartoon bear, eva sandals, home slippers, non slip, slide sandals, soft sole, summer footwear, UK, women slippers",9.99,13.99,3.2,UK,active,28.6,68.0,Footwear,6
unisex-bathroom-slippers-cloud-cushion-slides-summer-flat-sandals-thick-platform-shoes-man-indoor-non-slip-couple-flip-flops-126597792093-wz1fk,Unisex Cloud Cushion Thick Platform Indoor Bathroom Slippers,THE SEAMARK GLOBAL INNOVATIONS LIMITED,Unknown,"bathroom sandals, cloud cushion slippers, platform house shoes, quilted insole slippers, single strap slides, summer flat sandals, thick platform footwear, UK shipping, unisex indoor slides",10.99,15.99,3.83,Unspecified,active,31.3,65.2,Footwear,6
womens-sports-shoes-mesh-lightweight-soft-sole-jogging-strap-breathable-fashion-sports-walking-casual-tennis-flat-shoes-for-men-126597792093-kwvpp,Unisex Lightweight Mesh Sneakers Breathable Strap Casual Walking Sports Shoes,THE SEAMARK GLOBAL INNOVATIONS LIMITED,Unknown,"breathable upper, casual walking, cushioned sole, elastic strap, jogging footwear, lightweight shoes, mesh sneakers, sports shoes, UK",26.99,39.99,11.58,UK,active,32.5,57.1,Footwear,1
new-casual-orthopedics-wide-feet-swollen-shoes-thumb-eversion-adjusting-soft-comfortable-diabetic-shoe-walking-shoes-126597792093-b9mok,Women Orthopedic Wide Width Diabetic Walking Shoes Bunion Relief Mesh Slip On,THE SEAMARK GLOBAL INNOVATIONS LIMITED,Unknown,"bunion relief, diabetic footwear, edema relief, mesh upper, neuropathy shoes, orthopedic shoes, slip on, UK shipping, walking shoes, wide width",26.99,39.99,11.75,Unspecified,active,32.5,56.5,Footwear,1
womens-shoes-summer-2026-casual-sneaker-new-style-two-color-single-shoes-versatile-casual-and-fashionable-work-shoes-126597792093-lkpaq,Women's 2026 Summer Mesh Sneakers Beige Grey Pink Comfortable Walking Shoes,THE SEAMARK GLOBAL INNOVATIONS LIMITED,Unknown,"beige grey, breathable shoes, casual footwear, comfort shoes, knit sneakers, mesh shoes, summer shoes, UK, walking shoes, women sneakers",21.99,32.99,9.25,UK,active,33.3,57.9,Footwear,1
winter-warm-fluffy-clogs-slippers-women-eva-waterproof-non-slip-home-slides-woman-lightweight-soft-sole-fuzzy-cotton-slippers-126597792093-vfm4e,Women Winter Faux Fur Eva Clog Slippers Waterproof Non Slip Warm Home Shoes,THE SEAMARK GLOBAL INNOVATIONS LIMITED,Unknown,"eva clog, faux fur shoes, fluffy footwear, non slip shoes, UK shipping, warm home shoes, waterproof slipper, winter clogs, women slippers",12.99,18.99,4.62,Unspecified,active,31.6,64.4,Footwear,6
women-sneakers-shoes-fashion-womenvulcanizedshoes-highquality-flatsshoes-womenwalking-blatform-plus-size-zapatillas-mujer-126597792093-tyall,Women Platform Walking Sneakers Breathable Mesh Blatform Shoes Grey Pink,THE SEAMARK GLOBAL INNOVATIONS LIMITED,Unknown,"blatform, casual footwear, EVA sole, grey pink, mesh upper, platform shoes, UK shipping, walking shoes, women sneakers",22.99,34.99,9.91,Unspecified,active,34.3,56.9,Footwear,1
womens-summer-shoes-casual-sneaker-non-slip-sole-design-fly-woven-upper-is-more-skin-friendly-sale-shoes-with-free-shipping-126597792093-lpbi5,Women's FlyWoven Casual Sneakers With NonSlip Sole Breathable Knit Shoes,THE SEAMARK GLOBAL INNOVATIONS LIMITED,Unknown,"Breathable shoes, Casual sneakers, Fly woven, Knit shoes, Non slip, Slip on, Summer footwear, UK, Walking shoes, Women sneakers",17.99,26.99,7.43,UK,active,33.3,58.7,Footwear,1
snow-women-boots-fashion-unisex-shoes-slip-on-platform-shoes-for-women-ankle-boots-waterproof-plush-winter-shoes-botas-mujer-126597792093-64fts,Waterproof Winter Ankle Boots Slip On Plush Fleece Snow Shoes Unisex,THE SEAMARK GLOBAL INNOVATIONS LIMITED,Unknown,"ankle boots, fleece lining, slip on boots, snow shoes, UK shipping, unisex footwear, warm shoes, waterproof boots, winter shoes",27.99,41.99,12.35,Unspecified,active,33.3,55.9,Footwear,0
men-slippers-summer-eva-soft-soled-platform-slides-sandals-indoor-outdoor-walking-beach-shoes-flip-flops-mens-home-shoes-126597792093-ixoa0,Men EVA Platform Slides Sandals Soft Sole Summer Casual Walking Beach Shoes,THE SEAMARK GLOBAL INNOVATIONS LIMITED,Footwear,"beach shoes, casual shoes, EVA slides, men sandals, platform sandals, soft sole, summer footwear, USA, walking shoes",10.99,16.99,3.99,USA,active,35.3,63.7,Footwear,1
home-linen-slippers-for-men-in-springautumn-comfortable-bedroom-open-toedbreathable-slippers-mens-womens-shoes-summer-126597792093-6erim,Unisex Breathable Linen Open Toe Slippers For Home Comfort,THE SEAMARK GLOBAL INNOVATIONS LIMITED,Footwear,"bed shoes, breathable footwear, casual footwear, home slippers, indoor slippers, linen slippers, open toe slippers, summer slippers, unisex slippers, USA",17.99,26.99,7.23,USA,active,33.3,59.8,Footwear,6
home-linen-slippers-for-men-in-springautumn-comfortable-bedroom-open-toedbreathable-slippers-mens-womens-shoes-summer-126597792093-qjwps,Men Women Breathable Linen Open Toe Slippers Comfortable Home Shoes,THE SEAMARK GLOBAL INNOVATIONS LIMITED,Footwear,"breathable, comfortable, home shoes, indoor footwear, linen slide, open toe, slippers, summer, unisex, USA, woven fabric",10.99,16.99,3.96,USA,active,35.3,64.0,Footwear,6
arch-support-anti-slip-soft-sole-wear-resistant-cool-slippers-for-wearing-thick-sole-breathable-odor-proof-summer-hole-shoes-126597792093-bcq6s,Arch Support Slide Sandals Breathable Clogs Thick Sole Footwear,THE SEAMARK GLOBAL INNOVATIONS LIMITED,Footwear,"anti-slip, arch support, breathable clogs, ergonomic shoes, foot comfort, slide sandals, summer footwear, thick sole, USA",18.99,27.99,7.82,USA,active,32.2,58.8,Footwear,6
new-four-season-versatile-non-slip-shock-absorbing-technology-carbon-plate-sports-casual-shoes-running-shoes-fitness-shoes-unise-126597792093-wmld2,Carbon Plate Running Shoes Unisex Shock Absorbing Sports Casual Sneakers,THE SEAMARK GLOBAL INNOVATIONS LIMITED,Footwear,"athletic shoes, carbon plate, casual wear, gym sneakers, running shoes, shock absorbing, speed goat, unisex sneakers, USA",38.99,57.99,17.6,USA,active,32.8,54.9,Footwear,1
mens-large-size-outdoor-hiking-and-running-shoes-comfortable-casual-versatile-fashionable-sports-shoes-for-couples-training-126597792093-hiup3,Mens Large Size Black Knit Running Shoes Comfortable Casual Sports Sneakers,THE SEAMARK GLOBAL INNOVATIONS LIMITED,Footwear,"black knit, breathable mesh, casual wear, large size, mens sneakers, sports shoes, USA, wavy midsole, wide fit",17.99,26.99,7.37,USA,active,33.3,59.0,Footwear,1
men-sports-running-black-jogging-shoes-casual-sneakers-brown-outdoor-breathable-mesh-women-light-shock-absorption-black-tennis-126597792093-2h6y6,Ealsqn Men Lightweight Breathable Mesh Running Sneakers Black Casual,THE SEAMARK GLOBAL INNOVATIONS LIMITED,Footwear,"Black Sneakers, Breathable Mesh, Casual Shoes, Ealsqn, Jogging Shoes, Mesh Upper, Running Sneakers, Sports Footwear, USA, Walking Shoes",24.99,36.99,10.83,USA,active,32.4,56.7,Footwear,1
hobibear-unisex-hiking-sneakers-lace-up-walking-shoes-outdoor-travel-artificial-leather-sneakers-126597792093-15buu,Hobibear Unisex Hiking Sneakers Lace Up Walking Shoes Outdoor Travel,THE SEAMARK GLOBAL INNOVATIONS LIMITED,Footwear,"hiking shoes, lace up, outdoor travel, rubber toe, textured outsole, trail shoes, unisex footwear, USA, walking shoes",63.99,95.99,30.27,USA,active,33.3,52.7,Footwear,1
warm-plush-waterproof-eva-indoor-slippers-for-women-winter-soft-thick-bottom-non-slip-home-slippers-couples-furry-slides-126597792093-anahg,Women Winter Waterproof EVA Plush Furry Indoor Slippers Thick Non Slip Home,THE SEAMARK GLOBAL INNOVATIONS LIMITED,Footwear,"furry slippers, home shoes, indoor slippers, non slip, plush slippers, thick sole, USA, warm wear, waterproof eva, winter footwear, women slippers",13.99,19.99,5.12,USA,active,30.0,63.4,Footwear,6
steel-toe-cap-shoes-for-men-protective-shoes-work-boots-puncture-proof-safety-shoes-men-work-shoes-sneakers-construction-shoes-126597792093-mhnd0,Men Steel Toe Safety Sneakers Breathable Puncture Proof Shoes,THE SEAMARK GLOBAL INNOVATIONS LIMITED,Footwear,"breathable shoes, construction gear, industrial footwear, knit upper, men safety, protective footwear, puncture proof, safety sneakers, steel toe shoes, USA, work shoes",59.99,89.99,28.27,USA,active,33.3,52.9,Footwear,1
2025-large-size-spring-and-autumn-new-breathable-lightweight-casual-mens-shoes-niche-trend-versatile-flat-sports-mens-shoes-126597792093-fquzi,Men White Extended Fit Breathable Knit Casual Lightweight Sneakers,THE SEAMARK GLOBAL INNOVATIONS LIMITED,Footwear,"breathable shoes, casual footwear, extended fit, knit sneakers, lightweight sneakers, men sneakers, USA, white shoes, wide fit",14.99,22.99,5.92,USA,active,34.8,60.5,Footwear,1
man-safety-shoes-puncture-proof-work-sneakers-lightweight-work-shoes-men-steel-toe-shoes-safety-boots-indestructible-shoes-126597792093-5dhzf,Tulldent Men Steel Toe Safety Shoes Lightweight Puncture Proof Work Sneakers,THE SEAMARK GLOBAL INNOVATIONS LIMITED,Footwear,"breathable mesh, construction shoes, industrial footwear, lightweight shoes, men work shoes, puncture proof, safety shoes, steel toe, USA, utility shoes, work sneakers",43.99,65.99,20.27,USA,active,33.3,53.9,Footwear,1
new-unisex-safety-shoes-men-work-sneakers-indestructible-safety-boots-women-shoes-men-steel-toe-shoes-sport-style-126597792093-ors6u,Unisex Steel Toe Safety Sneakers Lightweight Breathable Mesh Work Shoes,THE SEAMARK GLOBAL INNOVATIONS LIMITED,Footwear,"breathable mesh, construction gear, industrial footwear, lightweight shoes, safety sneakers, steel toe, unisex workwear, USA, work shoes",48.99,72.99,22.61,USA,active,32.9,53.8,Footwear,1
autumn-new-mens-versatile-high-top-trendy-thick-soled-running-shoes-casual-fashion-sneakers-suitable-for-outdoor-sports-126597792093-qynk4,Gaisima Men White Brown Trendy Thick Sole Casual Running Sneakers,THE SEAMARK GLOBAL INNOVATIONS LIMITED,Footwear,"casual shoes, color block, gaisima sneakers, high top, rotary dial, running shoes, street style, thick sole, USA",44.99,67.99,20.92,USA,active,33.8,53.5,Footwear,1
a-pair-of-mens-new-summer-casual-shoes-fashionable-and-trendy-sports-wear-resistant-sandals-cool-beach-shoes-126597792093-gujn4,Men Summer Casual Tactical Sandals Breathable Sports Beach Shoes,THE SEAMARK GLOBAL INNOVATIONS LIMITED,Footwear,"beach shoes, breathable fabric, men sandals, nylon webbing, outdoor gear, sports footwear, summer casual, tactical sandals, USA",21.99,32.99,9.22,USA,active,33.3,58.1,Footwear,1
1pc-light-up-keyboard-keychain-stress-relief-clickable-led-button-toy-for-people-with-anxiety-office-desk-accessory-126597792093-3da3j,4 Keys Light Up LED Keyboard Keychain Stress Relief Clickable Toy For Anxiety,THE SEAMARK GLOBAL INNOVATIONS LIMITED,Toys,"anxiety relief, clickable toy, focus aid, keychain fidget, LED keyboard, mechanical snap, RGB lights, sensory toy, stress relief, UK",5.99,7.99,1.14,UK,active,25.0,81.0,Toys,3
mimikyu-plush-toys-collectible-soft-plushies-cos-mimikyu-stuffed-animal-cute-cartoon-eevee-espeon-glaceon-peluche-dolls-gifts-126597792093-emnod,Mimikyu Plush Toy Soft Stuffed Animal Collectible Cute Pokemon Gift Doll,THE SEAMARK GLOBAL INNOVATIONS LIMITED,Toys,"Anime gift, Collectible doll, Cute gift, Mimikyu, Plush toy, Pokemon plush, Soft toy, Stuffed animal, UK",8.99,13.99,2.92,UK,active,35.7,67.5,Toys,3
m1911-water-guns-pistol-toy-squirt-guns-summer-pool-beach-shooting-games-outdoor-toys-water-blaster-pistol-for-kids-adult-126597792093-ljkty,M1911 Water Pistol Toy Squirt Gun Summer Pool Beach Outdoor For Kids Adults,THE SEAMARK GLOBAL INNOVATIONS LIMITED,Toys,"beach toy, m1911 toy, pool toy, squirt gun, summer play, tactical blaster, UK, water blaster, water pistol, water toys",6.99,9.99,1.83,UK,active,30.0,73.8,Toys,3
electric-water-guns-for-adults-powerful-squirt-automatic-water-suction-water-blasters-summer-outdoor-beach-toy-for-boys-kid-gift-126597792093-kl2if,Shark MK Electric Water Blaster Automatic Squirt Gun Transparent Blue,THE SEAMARK GLOBAL INNOVATIONS LIMITED,Toys,"automatic squirt gun, electric water blaster, kids toys, motorized blaster, outdoor play, rechargeable blaster, summer toys, transparent blue, UK, water gun",30.99,45.99,13.71,UK,active,32.6,55.8,Toys,3
fully-automatic-bubble-gun-rocket-bubbles-machine-automatic-blower-with-bubble-liquid-toy-for-kids-beach-outdoor-bubble-gifts-126597792093-9zpjj,Automatic Rocket Bubble Gun Blaster With LED Lights Kids Gift,THE SEAMARK GLOBAL INNOVATIONS LIMITED,Toys,"automatic bubble gun, bubble blaster, bubble machine, children play, foam bubble maker, kids gift, led lights toy, outdoor toys, rocket bubble gun, space bubble gun, UK",9.99,14.99,3.43,UK,active,33.4,65.7,Toys,3
32-page-childrens-maze-game-book-for-student-concentration-training-intelligence-development-early-education-toys-and-children-126597792093-z5vda,32 Page Children Maze Game Book for Concentration and Intelligence,THE SEAMARK GLOBAL INNOVATIONS LIMITED,Children's Clothing,"cognitive skills, concentration training, early education, educational activity, intelligence development, labyrinth game, logic puzzles, maze book, UK",7.99,11.99,2.21,UK,active,33.4,72.3,Children's Clothing,10
65851012-inch-lcd-drawing-tablet-for-kids-rechargeable-erasable-board-with-pen-travel-educational-toy-gift-for-boys-girls-126597792093-lo3em,Kids LCD Drawing Tablet Rechargeable Erasable Writing Board With Pen Gift,THE SEAMARK GLOBAL INNOVATIONS LIMITED,Children's Clothing,"doodle pad, drawing board, erasable board, kids gift, LCD tablet, rechargeable pen, screen free, UK, writing pen",11.99,17.99,4.44,UK,active,33.4,63.0,Children's Clothing,10
childrens-hidden-objects-coloring-book-with-100-find-color-pages-interactive-find-color-activity-workbook-for-school-home-travel-educational-puzzle-book-126597792093-mklwk,Children Hidden Objects Coloring Book 100 Pages Activity Workbook,THE SEAMARK GLOBAL INNOVATIONS LIMITED,Children's Clothing,"activity workbook, coloring book, drawing pages, educational book, hidden objects, kids puzzles, look and find, screen free, UK",6.99,9.99,1.68,UK,active,30.0,76.0,Children's Clothing,10
electric-automatic-water-storage-gun-toys-portable-children-summer-beach-outdoor-fight-fantasy-spray-gun-toys-boy-kid-adult-game-126597792093-ddt02,Electric Automatic Water Gun Rechargeable Blaster Summer Outdoor Beach Toy,THE SEAMARK GLOBAL INNOVATIONS LIMITED,Toys,"automatic blaster, beach toy, electric blaster, pool toy, pressure pump, rechargeable toy, summer toy, UK, water gun",38.99,57.99,17.77,UK,active,32.8,54.4,Toys,3
needoh-soft-gummy-bear-fidget-squeeze-toy-tpr-sensory-stress-relief-toy-kids-birthday-party-gift-126597792093-wtkvm,Schylling NEE DOH Gummy Bear Fidget Squeeze Toy TPR Sensory Stress Relief,THE SEAMARK GLOBAL INNOVATIONS LIMITED,Toys,"Anxiety Relief, Fidget Toy, Gummy Bear, Nee Doh, Schylling, Sensory Toy, Squeeze Toy, Stress Relief, UK",8.99,12.99,2.61,UK,active,30.8,71.0,Toys,3
magnetic-sorting-games-montessori-puzzle-toys-maze-board-learning-color-montessori-classification-wooden-educational-toys-126597792093-dlvdg,Wooden Magnetic Maze Board Color Sorting Montessori Educational Puzzle Toy,THE SEAMARK GLOBAL INNOVATIONS LIMITED,Toys,"Bead maze, Color sorting, Educational puzzle, Fine motor skills, Magnetic wand, Montessori toys, Pegboard game, UK, Wooden maze",23.99,35.99,10.4,UK,active,33.3,56.6,Toys,3
8111316-inch-lcd-drawing-tablet-writing-board-kids-doodle-painting-handwriting-pad-toy-for-3-4-5-6-7-8-years-girls-boys-gifts-126597792093-87sw6,Kids LCD Drawing Tablet Writing Board Doodle Painting Toy Gift UK,THE SEAMARK GLOBAL INNOVATIONS LIMITED,Toys,"doodle pad, drawing board, kids toy, LCD tablet, painting toy, scribble pad, sketch pad, UK, writing board",17.99,26.99,7.52,UK,active,33.3,58.2,Toys,3
in-stock-10cm-mini-one-piece-luffy-gear-5-action-figure-sun-god-nika-statue-anime-figurine-pvc-model-doll-collection-toy-gift-126597792093-wuyob,One Piece Luffy Gear 5 Sun God Nika 10cm PVC Action Figure Statue Toy,THE SEAMARK GLOBAL INNOVATIONS LIMITED,Toys,"Action Figure, Anime Toy, Gear 5, Luffy, One Piece, PVC Figure, Statue, Sun God Nika, UK",7.99,10.99,2.04,UK,active,27.3,74.5,Toys,3
kid-brain-response-battle-fold-cup-hand-speed-competition-fold-cup-baby-stack-game-early-education-puzzle-train-board-games-toy-126597792093-sywd2,Funny Cups Stacking Rings Numbered Lettered Early Learning Educational Toy,THE SEAMARK GLOBAL INNOVATIONS LIMITED,Jewelry,"baby toy, counting game, early learning, educational toy, lettered cups, nesting cups, number rings, stacking cups, UK",7.99,10.99,2.17,UK,active,27.3,72.8,Bags & Accessories,3
water-gun-water-god-tool-beach-small-water-spray-pulling-water-gun-children-drifting-play-gift-toy-126597792093-a7vpl,Firework Water Gun Pump Action Long Range Spray Kids Outdoor Beach Toy,THE SEAMARK GLOBAL INNOVATIONS LIMITED,Toys,"beach toy, firework water gun, kids toy, long range, outdoor play, pump action, UK, water blaster, water fight",7.99,10.99,2.17,UK,active,27.3,72.8,Toys,3
13pcs-baby-remote-control-teether-silicone-baby-anti-eating-gloves-pacifier-bracelet-teething-stick-biting-toys-126597792093-gsnj2,Baby Remote Control Silicone Teether Toy Biting Stick For Soothing Gums,THE SEAMARK GLOBAL INNOVATIONS LIMITED,Toys,"baby teether, biting stick, gum soother, remote control, sensory toy, silicone teether, teething toy, toddler toy, UK",14.99,22.99,5.88,UK,active,34.8,60.8,Toys,3
colorful-wooden-puzzle-toys-tangram-montessori-materials-childrens-puzzle-toys-building-blocks-childrens-learning-toys-126597792093-zre1g,Colorful Wooden Tangram Block Puzzle Montessori Learning Toy For Children,THE SEAMARK GLOBAL INNOVATIONS LIMITED,Toys,"building blocks, children toy, colorful blocks, educational toy, geometric shapes, montessori toy, puzzle game, spatial reasoning, tangram blocks, UK, wooden puzzle",16.99,24.99,6.76,UK,active,32.0,60.2,Toys,3
collapsible-pop-up-mesh-laundry-basket-portable-clothes-hamper-for-easy-washing-and-storage-of-dirty-clothes-socks-toys-sundries-126597792093-dc40j,Collapsible Pop Up Mesh Laundry Basket Portable Clothes Hamper,THE SEAMARK GLOBAL INNOVATIONS LIMITED,Household Supplies,"breathable mesh, carry handles, clothes organizer, collapsible laundry basket, dirty laundry, folding design, mesh clothes basket, pop up hamper, portable hamper, space saving, UK",7.99,10.99,2.11,UK,active,27.3,73.6,Other,10
56pcs28pcs14pcs-cat-toys-mixed-pack-a-combination-of-various-plastic-toys-and-plush-toys-suitable-for-multiple-cats-to-play-126597792093-t91ys,Cat Toy Mixed Pack 56 28 14 Pieces Plush Plastic Variety For UK Cats,THE SEAMARK GLOBAL INNOVATIONS LIMITED,Pet Supplies,"balls, cat playset, cat toys, feather wands, kitten play, mixed pack, pet accessories, plush toys, UK, variety set",14.99,21.99,5.61,UK,active,31.8,62.6,Pet Supplies,3
baby-montessori-toymagic-tissue-boxeducational-learning-activity-sensory-toy-for-kids-finger-exercising-busy-board-baby-game-126597792093-lr7jq,Baby Montessori Animal Magic Tissue Box Toy Sensory Learning Activity,THE SEAMARK GLOBAL INNOVATIONS LIMITED,Toys,"animal print, baby toy, educational, fine motor skills, montessori, sensory learning, tissue box toy, toddler activity, UK",6.99,10.99,2.01,UK,active,36.4,71.2,Toys,3
magic-fairy-wand-water-gun-sparkling-summer-water-play-toy-for-kids-adults-birthday-gift-water-battle-cannon-126597792093-d1rof,Princess Fairy Wand Water Gun Pull Out Spray Summer Water Play Toy For Kids,THE SEAMARK GLOBAL INNOVATIONS LIMITED,Toys,"Kids Toy, Outdoor Toys, Pool Party, Princess Fairy Wand, Pull Out Spray, Summer Play, Swivel Spray, UK, Water Fight, Water Gun",12.99,18.99,4.77,UK,active,31.6,63.3,Toys,3
20cm-pokemon-plush-pikachu-dolls-kawaii-anime-pokemon-pichu-short-stuffed-toys-cute-cartoon-tomy-pokmon-children-birthday-gift-126597792093-8nobv,20cm Pokemon Plush Pikachu Doll Kawaii Anime Stuffed Animal Gift,THE SEAMARK GLOBAL INNOVATIONS LIMITED,Toys,"20cm, Anime, Gift, Kawaii, Pikachu, Plush Doll, Pokemon, Soft Plush, Stuffed Animal, Toy, UK",11.99,17.99,4.37,UK,active,33.4,63.6,Toys,3
foldable-mesh-toy-storage-basket-large-breathable-mesh-laundry-hamper-with-handles-vertical-horizontal-dual-styles-kids-toy-126597792093-4dftk,Foldable Mesh Toy Storage Basket and Breathable Laundry Hamper for Kids,THE SEAMARK GLOBAL INNOVATIONS LIMITED,Toys,"breathable hamper, foldable bin, kids organizer, laundry hamper, mesh basket, playroom organizer, toy hamper, toy storage, UK",9.99,14.99,3.23,UK,active,33.4,67.7,Toys,3
30ml-poop-spray-creative-liquid-fart-gag-prank-joke-spray-funny-toy-non-toxic-stink-bombs-extra-strong-smelly-stinky-gas-spray-126597792093-q3tvy,Jue Fish 3 Pack Fart Spray Toxic Bomb Smell From Hell Prank Toy,THE SEAMARK GLOBAL INNOVATIONS LIMITED,Toys,"fart spray, gag gift, joke spray, novelty gift, prank toy, smell from hell, stink spray, stinky ass, toxic bomb, UK",13.99,19.99,5.19,UK,active,30.0,62.9,Toys,3
5-50pcs-halloween-gadget-plastic-cockroaches-joke-decoration-props-rubber-toy-gags-practical-jokes-toys-plastic-bugs-cockroach-126597792093-sg5sm,50 Pcs Realistic Plastic Cockroach Prank Toys Halloween Props,THE SEAMARK GLOBAL INNOVATIONS LIMITED,Toys,"Cockroach, Fake Insects, Halloween Props, Plastic Bugs, Prank Toys, Realistic Toys, Scare Props, UK",8.99,12.99,2.58,UK,active,30.8,71.3,Toys,3
cat-tunnel-tube-foldable-cat-toys-kitty-training-interactive-fun-toy-tunnel-bored-for-puppy-kitten-pet-supplies-cat-accessories-126597792093-k2rxx,Foldable Rainbow Cat Tunnel Interactive Collapsible Play Toy for Kittens,THE SEAMARK GLOBAL INNOVATIONS LIMITED,Pet Supplies,"cat tunnel, collapsible tube, foldable tunnel, indoor exercise, interactive toy, kitten play, pet hideout, rainbow maze, UK",12.99,18.99,4.68,UK,active,31.6,64.0,Pet Supplies,3
transformable-robot-sports-car-toys-no-batteries-educational-kids-gift-colorful-model-vehicle-for-play-learning-126597792093-rracr,Manual Transformable Robot Sports Car Toy NILABO F12 Model Educational Gift,THE SEAMARK GLOBAL INNOVATIONS LIMITED,Toys,"educational gift, f12, kids toy, manual, nilabo, robot car, sports car, transformable toy, transformer, UK",8.99,12.99,2.77,UK,active,30.8,69.2,Toys,3
inflatable-pool-floats-adult-size-water-hammockfloats-for-swimming-pool-multi-purpose-pool-floating-toys-126597792093-sqwg2,Adult Size Inflatable Water Hammock Floating Pool Lounge Chair,THE SEAMARK GLOBAL INNOVATIONS LIMITED,Outdoor Recreation,"adult raft, floating chair, inflatable lounger, pool float, pool lounge, summer relax, swimming accessory, UK, water hammock",18.99,28.99,7.97,UK,active,34.5,58.0,Other,3
frog-lizard-mask-wagging-tongue-lick-cards-board-games-for-children-family-party-toys-antistress-funny-desktop-puzzle-game-toys-126597792093-gkkh1,Funny Frog Mask Lick Card Party Game For Family Kids Adults Toy,THE SEAMARK GLOBAL INNOVATIONS LIMITED,Toys,"Coordination game, Family toy, Frog mask, Kids toy, Lick card, Mask toy, Party game, Tabletop game, UK",8.99,12.99,2.85,UK,active,30.8,68.3,Toys,3
1pc-waist-trainer-slimming-body-shaper-fitness-belt-weight-loss-fat-burning-sport-girdle-sweat-trimmer-workout-cincher-shapewear-126597792093-jeaqj,Women Sauna Waist Trainer Fat Burn Body Shaper Slimming Shapewear,THE SEAMARK GLOBAL INNOVATIONS LIMITED,Fitness Equipment,"Body Shaper, Core Support, Fat Burner, fitness, Sauna Belt, Slimming Shapewear, Torso Compression, UK, UK Shipping collection, Waist Cincher, Waist Trainer",10.99,16.99,3.91,UK,active,35.3,64.4,Fitness Equipment,2
1pc-4-level-resistance-bands-with-handles-for-home-workouts-and-strength-training-perfect-for-yoga-pilatesand-fitness-equipm-126597792093-b0s9p,4 Level Resistance Bands With Handles For Home Strength Training,THE SEAMARK GLOBAL INNOVATIONS LIMITED,Fitness Equipment,"exercise tubes, fitness, fitness gear, foam handles, home gym, muscle building, resistance bands, strength training, UK, UK Shipping collection, workout equipment",6.99,10.99,1.94,UK,active,36.4,72.2,Fitness Equipment,2
c-four-tube-pedal-tensioner-multi-functional-household-fitness-equipment-yoga-abdominal-strengthening-elastic-band-tension-rope-126597792093-vseik,Four Tube Pedal Tensioner Abdominal Exercise Elastic Band Fitness,THE SEAMARK GLOBAL INNOVATIONS LIMITED,Fitness Equipment,"abdominal workout, aerobic training, elastic band, fitness, home fitness, pedal tensioner, strength training, tpe material, UK, UK Shipping collection, workout equipment",9.99,13.99,3.05,UK,active,28.6,69.5,Fitness Equipment,2
8-shaped-stretcher-for-home-fitness-back-shapingelastic-band-with-open-shoulder-and-back-stretching-band-for-shoulder-exercise-126597792093-na43t,8 Shape Shoulder Back Stretching Band Elastic Resistance Exercise Training,THE SEAMARK GLOBAL INNOVATIONS LIMITED,Fitness Equipment,"back stretcher, chest opener, elastic resistance band, figure eight band, fitness, posture corrector, shoulder stretching band, spine decompression, UK, UK Shipping collection, upper body stretch",9.99,14.99,3.3,UK,active,33.4,67.0,Fitness Equipment,2
push-up-board-set-portable-multifunctional-push-up-bar-foldable-fitness-equipment-for-chest-abdomen-armsback-training-126597792093-yqrs6,Ringpeng Foldable Push Up Board Set Multifunctional Fitness Chest Arms,THE SEAMARK GLOBAL INNOVATIONS LIMITED,Fitness Equipment,"chest trainer, fitness, foldable fitness kit, gym accessories, home gym equipment, push up board, resistance bands, strength training, UK, UK Shipping collection, upper body workout",25.99,37.99,11.18,UK,active,31.6,57.0,Fitness Equipment,2
non-slip-push-up-h-shaped-support-bar-stand-home-fitness-power-rack-gym-handles-pushup-bars-exercise-arm-chest-muscle-training-126597792093-8kfdi,Non Slip Push Up Bars H Shaped Chest Shoulder Arm Home Fitness Gym Handles,THE SEAMARK GLOBAL INNOVATIONS LIMITED,Fitness Equipment,"chest trainer, deep pushups, fitness, gym handles, H shaped handles, home gym, Push up bars, shoulder workout, UK, UK Shipping collection, wrist protection",16.99,25.99,6.9,UK,active,34.6,59.4,Fitness Equipment,2
epp-8cm-peanut-balls-body-massage-fascia-ball-high-density-muscle-relaxation-lacrosse-fitness-yoga-myofascia-ball-relieve-pain-126597792093-a80g2,Epp Peanut 8cm Massage Ball High Density Myofascial Muscle Relaxation Fitness,THE SEAMARK GLOBAL INNOVATIONS LIMITED,Fitness Equipment,"Back pain relief, Deep tissue, EPP material, fitness, Fitness tool, Massage ball, Muscle recovery, Myofascial release, Peanut ball, Self massage, Trigger point, UK, UK Shipping collection",5.99,8.99,1.44,UK,active,33.4,76.0,Fitness Equipment,2
smart-muscle-toner-abdominal-toning-belt-abs-trainer-usb-recharge-body-massager-home-gym-training-fitness-equipment-126597792093-7c1ee,Smart Abdominal Toning Belt USB Rechargeable EMS Muscle Stimulator Abs Trainer,THE SEAMARK GLOBAL INNOVATIONS LIMITED,Fitness Equipment,"Abs Trainer, Core Trainer, EMS Belt, fitness, Fitness Gear, Home Gym, Muscle Stimulator, Smart Toner, UK, UK Shipping collection, USB Rechargeable",29.99,43.99,13.13,UK,active,31.8,56.2,Fitness Equipment,2
high-waist-yoga-leggings-women-seamless-push-up-sport-leggings-fitness-running-hip-lift-yoga-pants-highly-elastic-gym-leggings-126597792093-o90kx,Purple High Waist Seamless Push Up Yoga Leggings Women Fitness Sport Pants,THE SEAMARK GLOBAL INNOVATIONS LIMITED,Fitness Equipment,"compression, fitness, fitness wear, high waist, purple leggings, push up, seamless, UK, UK Shipping collection, women activewear, yoga pants",15.99,23.99,6.53,UK,active,33.3,59.2,Fitness Equipment,2
30-level-massage-gun-fascia-deep-muscle-relax-body-neck-massager-electric-fitness-equipment-noise-reduction-male-female-126597792093-pldtd,30 Level Deep Tissue Fascia Massage Gun Noise Reduction Muscle Relaxer Kit,THE SEAMARK GLOBAL INNOVATIONS LIMITED,Fitness Equipment,"deep tissue, fascia therapy, fitness, fitness recovery, massage gun, muscle relaxer, noise reduction, pain relief, percussion therapy, UK, UK Shipping collection",27.99,41.99,12.41,UK,active,33.3,55.7,Fitness Equipment,2
adjustable-weighted-waist-belt-for-home-workouts-dumbbell-training-hip-shaping-home-gym-fitness-equipment-126597792093-lia01,Adjustable Weighted Waist Belt For Dumbbell Hip Shaping Home Gym Fitness,THE SEAMARK GLOBAL INNOVATIONS LIMITED,Fitness Equipment,"dumbbell holder, fitness, glute workout, hip abduction, hip shaping, home gym, lateral walks, side lunges, UK, UK Shipping collection, waist belt",9.99,14.99,3.44,UK,active,33.4,65.6,Fitness Equipment,2
pilates-ring-pilates-magic-fitness-circle-for-toning-thighs-abs-and-legs-resistance-training-body-sport-fitness-yoga-126597792093-zfuuj,Pilates Ring Magic Circle For Thighs Glutes Resistance Training Yoga,THE SEAMARK GLOBAL INNOVATIONS LIMITED,Fitness Equipment,"Core Workout, fitness, Fitness Circle, Glutes, Home Gym, Inner Thigh, Magic Circle, Pilates Ring, Resistance Training, UK, UK Shipping collection, Yoga Equipment",13.99,20.99,5.25,UK,active,33.3,62.5,Fitness Equipment,2
1pair-thickened-protection-sports-kneepad-gym-support-fitness-gear-gear-basketball-brace-protector-malefemale-non-slip-pads-126597792093-i6rxm,Pair Thickened Impact Absorbing Knee Pads Gym Fitness Basketball Protection,THE SEAMARK GLOBAL INNOVATIONS LIMITED,Fitness Equipment,"basketball gear, fitness, gym protection, impact absorbing, joint stabilization, knee pads, non slip grip, shock reduction, sports kneepads, UK, UK Shipping collection",8.99,13.99,2.88,UK,active,35.7,68.0,Fitness Equipment,2
25cm-yoga-ball-pilates-exercise-balance-ball-gym-home-yoga-core-training-anti-pressure-explosion-proof-fitness-muscle-relaxation-126597792093-3dlj1,25cm Mini Yoga Ball Pilates Exercise Core Training Balance Ball Gym Fitness,THE SEAMARK GLOBAL INNOVATIONS LIMITED,Fitness Equipment,"balance ball, core training, exercise ball, fitness, gym fitness, home gym, mini ball, physical therapy, pilates ball, stability ball, UK, UK Shipping collection, yoga ball",8.99,12.99,2.74,UK,active,30.8,69.5,Fitness Equipment,2
electric-foot-massager-pad-muscle-massage-relaxation-trainer-for-massage-fitness-outdoor-sport-home-family-relax-126597792093-bz388,Electric EMS Foot Massager Pad With Remote Control Leg Fatigue Relief,THE SEAMARK GLOBAL INNOVATIONS LIMITED,Fitness Equipment,"blood circulation, calf massager, EMS massager, fatigue relief, fitness, foot mat, leg relief, muscle stimulation, remote control, UK, UK Shipping collection",8.99,12.99,2.83,UK,active,30.8,68.5,Fitness Equipment,2
smartwatch-men-women-wristwatches-smart-watch-message-fitness-monitor-bracelet-birthday-gift-electronic-clock-for-android-ios-126597792093-o3xsh,Smart Watch Fitness Tracker Heart Rate Message Bracelet For Men Women Ios,THE SEAMARK GLOBAL INNOVATIONS LIMITED,Watches,"Activity Tracker, Fitness Tracker, Gift, Health Monitor, Heart Rate, Message Bracelet, Nigeria, Smart Bracelet, Smart Watch, Sports Band, Wearable",8.99,13.99,2.96,Nigeria,active,35.7,67.1,Watches,4
led-strip-lights-with-44-key-remote-control-1m-5m-10m-20m-rgb-tape-led-wall-room-for-home-bedroom-party-decor-tv-backlight-126597792093-pkskl,RGB LED Strip Lights 65FT With 44 Key Remote USB Room Decor TV Backlight,THE SEAMARK GLOBAL INNOVATIONS LIMITED,Lighting,"Ambiance Lighting, LED Tape, Nigeria, Remote Control, RGB LED, Room Decor, Strip Lights, TV Backlight, USB Lighting",10.99,15.99,3.61,Nigeria,active,31.3,67.2,Home & Lighting,3
rgb-led-strip-lights-5m-10m-20m-30m-led-room-light-with-app-control-flexible-ribbon-luces-led-tape-for-room-bedroom-decoration-126597792093-qycev,RGB LED Strip Lights 5M To 30M Flexible Ribbon Tape With App Control,THE SEAMARK GLOBAL INNOVATIONS LIMITED,Lighting,"App Control, Bedroom Lights, Dynamic Lighting, Flexible Ribbon, Home Decor, LED Tape, Nigeria, Remote Control, RGB LED Strip, USB Powered",16.99,24.99,6.63,Nigeria,active,32.0,61.0,Home & Lighting,3
for-jbl-live-beam-3-lcd-high-definition-soft-film-explosion-proof-and-scratch-resistant-screen-protection-film-126597792093-uhfv9,JBL Live Beam 3 LCD Screen Protector Film Scratch Resistant Transparent Film,THE SEAMARK GLOBAL INNOVATIONS LIMITED,Electronics Accessories,"charging case, display film, LCD film, Live Beam 3, Nigeria, scratch resistant, screen protector, touchscreen cover",6.99,9.99,1.58,Nigeria,active,30.0,77.4,Other,10
35mm-headset-music-earbuds-in-ear-with-mic-original-qkz-ak6-copper-driver-hifi-wired-earphone-race-sport-headphone-bass-stereo-126597792093-ykrcn,QKZ AK6 Copper Driver Hifi Wired In Ear Sports Earphone Headphone Bass,THE SEAMARK GLOBAL INNOVATIONS LIMITED,Headphones,"10mm driver, bass headphones, copper driver, hifi audio, IEM, Nigeria, over ear hook, pc shell, QKZ AK6, sports earbuds, wired earphones",9.99,14.99,3.29,Nigeria,active,33.4,67.1,Audio,10
new-arrival-m10-earphone-wireless-headset-high-quality-perfect-sound-earbuds-sports-game-music-bt-headphone-with-power-bank-126597792093-iuulp,M10 Wireless Earbuds HiFi Bass Power Bank Digital Display Bluetooth Headset,THE SEAMARK GLOBAL INNOVATIONS LIMITED,Headphones,"Bluetooth Headset, Digital Display, Gaming Earbuds, HiFi Bass, LCD Screen, Music Audio, Nigeria, Power Bank, Touch Control, TWS Headset, Wireless Earbuds",12.99,19.99,5.03,Nigeria,active,35.0,61.3,Audio,10
handsfree-wireless-headphones-noise-canceling-headphone-earphone-p47-headset-bluetooth-head-phone-for-iphone-huawei-samsung-s22-126597792093-azwss,P47 Wireless Bluetooth Headphones Hands Free Noise Canceling Headset,THE SEAMARK GLOBAL INNOVATIONS LIMITED,Headphones,"Bluetooth Headset, Bluetooth Remote, Hands Free Calling, Music Headphones, Nigeria, Noise Canceling, Over Ear Headphones, Portable Headset, Wireless Headphones",13.99,20.99,5.34,Nigeria,active,33.3,61.8,Audio,10
type-c-port-professional-wireless-lavalier-microphone-for-smartphones-computers-tablets-plug-and-play-126597792093-58x3j,Professional Wireless Lavalier Microphone Type C Plug For Smartphones Tablets,THE SEAMARK GLOBAL INNOVATIONS LIMITED,Microphones,"interview mic, live stream, Nigeria, noise reduction, omnidirectional, plug play, smartphone audio, tablet accessory, type c, vlog mic, wireless lavalier",12.99,19.99,4.89,Nigeria,active,35.0,62.4,Smartphones,10
wireless-headphones-bluetooth-53-p2961-original-earphone-for-samsung-iphone-stereo-hifi-headset-game-earbuds-with-microphone-126597792093-tcesp,P2961 Wireless Bluetooth Headphones 9D HIFI Sound Noise Reduction,THE SEAMARK GLOBAL INNOVATIONS LIMITED,Headphones,"9d surround audio, bluetooth 5.3, gaming headset, hifi sound, low latency, Nigeria, noise reduction, over ear headset, stereo audio, wireless headphones",17.99,26.99,7.46,Nigeria,active,33.3,58.5,Audio,10
9d-bluetooth-earphones-wireless-headphones-magnetic-sport-neckband-neck-hanging-tws-earbuds-wireless-blutooth-headset-with-mic-126597792093-7ia6y,Homefish 9D Stereo Wireless Bluetooth Magnetic Sport Neckband Earphones,THE SEAMARK GLOBAL INNOVATIONS LIMITED,Headphones,"9D stereo, Bluetooth 5.0, Bluetooth neckband, Homefish, Magnetic earbuds, Nigeria, Sport headphones, Stereo surround, Wireless earphones",7.99,11.99,2.5,Nigeria,active,33.4,68.7,Audio,10
fast-magnetic-watch-wireless-charger-for-apple-watch-ultra-3-2-1-series-9-8-7-6-se-charger-dock-adapter-type-c-portable-charger-126597792093-sjbf1,Fast Magnetic Wireless Charger Dock For Apple Watch Ultra Series SE Adapter,THE SEAMARK GLOBAL INNOVATIONS LIMITED,Watches,"apple watch dock, fast power adapter, magnetic charger, Nigeria, portable usb pad, series 9, smart charging station, usbc port, watch ultra",10.99,16.99,3.99,Nigeria,active,35.3,63.7,Watches,10
oiginal-120w-charger-turbo-fast-charge-euus-hypercharge-adapter-for-xiaomi-redmi-note-11-12-13-pro-plus-5g-mi-14-13-13t-cable-126597792093-yogl2,Xiaomi 120W HyperCharge Fast Charger Adapter With Type C Cable For Redmi Note,THE SEAMARK GLOBAL INNOVATIONS LIMITED,Chargers,"120W Adapter, EU Plug, Fast Charger, HyperCharge, Nigeria, Power Adapter, Redmi Note, Type C, Xiaomi",20.99,30.99,8.71,Nigeria,active,32.3,58.5,Smartphones,10
laxasfit-smartwatch-bluetooth-talk-smartwatch-message-alert-heart-rate-monitor-sports-watch-for-android-ios-men-women-126597792093-vqm64,LAXASFIT AMOLED Smartwatch Bluetooth Call Heart Rate Monitor Sports Watch,THE SEAMARK GLOBAL INNOVATIONS LIMITED,Watches,"AMOLED, Bluetooth Call, Health Monitor, Heart Rate, Nigeria, Smartwatch, Sports Watch, Wearable Tech, X10 Ultra",17.99,25.99,7.06,Nigeria,active,30.8,60.8,Watches,4
automatic-electric-floor-vacuum-cleaner-3-in-1-1500pa-usb-rechargeable-wireless-sweeping-mop-for-home-office-use-126597792093-uvh4a,Automatic 3in1 Wireless Electric Floor Vacuum Cleaner With Mop 1500Pa,THE SEAMARK GLOBAL INNOVATIONS LIMITED,Home Appliances,"automatic cleaner, cordless sweeper, dust box, floor cleaner, home appliance, Nigeria, robot vacuum, smart home, wet mop",24.99,37.99,10.92,Nigeria,active,34.2,56.3,Home & Lighting,10
new-usb-sweeping-robot-vacuum-cleaner-mopping-3-in-1-smart-wireless-1500pa-dragging-cleaning-sweep-floor-for-home-office-126597792093-87jjh,Sweepin Robot Vacuum Cleaner 3 In 1 Smart USB Mopping Sweeper 1500Pa,THE SEAMARK GLOBAL INNOVATIONS LIMITED,Home Appliances,"auto sweeping, dust collector, mopping robot, Nigeria, pet hair cleaner, robot vacuum, slim vacuum, smart sweeper, wireless cleaner",20.99,30.99,8.57,Nigeria,active,32.3,59.2,Home & Lighting,10
aroma-humidifier-flame-essential-oils-diffuser-air-humidifier-for-home-bedroom-mini-air-fragrance-diffuser-with-led-night-light-126597792093-xxusf,Mini Flame Aroma Humidifier Essential Oils Diffuser LED Night Light,THE SEAMARK GLOBAL INNOVATIONS LIMITED,Lighting,"aroma diffuser, aromatherapy, cool mist, essential oils, flame humidifier, led light, mini diffuser, Nigeria, night light, relaxation",19.99,29.99,8.36,Nigeria,active,33.3,58.2,Home & Lighting,10
3d-sleep-mask-blindfold-sleeping-aid-soft-memory-foam-eye-mask-for-sleeping-travel-light-slaapmasker-eye-cover-lightweight-style-126597792093-9upds,Soft 3D Light Blocking Memory Foam Sleep Mask For Nose Fit Travel,THE SEAMARK GLOBAL INNOVATIONS LIMITED,Beauty & Personal Care,"3d contour, blackout mask, light blocking, memory foam, Nigeria, nose fit, sleep aid, sleep mask, travel sleep",5.99,8.99,1.38,Nigeria,active,33.4,77.0,Beauty & Personal Care,10
blue-lock-anime-japanese-isagi-yoichi-football-jersey-t-shirt-cosplay-hyoma-chigiri-meguru-bachira-tee-original-children-clothes-126597792093-rablx,Blue Lock Anime Football Jersey Kids T Shirt Isagi Bachira Chigiri,THE SEAMARK GLOBAL INNOVATIONS LIMITED,Children's Clothing,"Anime Apparel, Anime Football, Bachira, Blue Lock, Chigiri, Isagi, Kids T Shirt, Kunigami, Nigeria, Soccer Jersey, Soccer Uniform",17.99,26.99,7.47,Nigeria,active,33.3,58.5,Children's Clothing,10
staaricc-led-solar-light-outdoor-motion-sensor-human-induction-adjustable-head-ip65-waterproof-solar-security-light-wall-light-126597792093-a1gn2,Staaricc Led Solar Security Light Motion Sensor Waterproof Adjustable Wall Light,THE SEAMARK GLOBAL INNOVATIONS LIMITED,Lighting,"adjustable spotlight, human induction, led security light, motion sensor, Nigeria, outdoor lighting, solar light, waterproof wall light, wireless lamp",12.99,19.99,4.96,Nigeria,active,35.0,61.8,Home & Lighting,10
wireless-led-night-lights-motion-sensor-lights-closet-kitchen-night-lights-bedroom-detector-light-cabinet-staircase-backlit-126597792093-c2miv,Wireless LED Motion Sensor Night Light Human Body Induction Under Cabinet,THE SEAMARK GLOBAL INNOVATIONS LIMITED,Lighting,"body induction, dimmable, motion sensor, Nigeria, night light, smart lighting, under cabinet, USB rechargeable, wireless light",8.99,13.99,2.88,Nigeria,active,35.7,68.0,Home & Lighting,10
christmas-home-decoration-usb-8-modes-fairy-garland-lights-led-curtain-string-lights-with-remote-control-for-bedroom-wedding-126597792093-tidf4,USB LED Curtain Fairy String Lights Remote Control Home Decoration,THE SEAMARK GLOBAL INNOVATIONS LIMITED,Lighting,"ambient decor, curtain lights, fairy lights, Nigeria, party lights, rainbow lights, remote control, USB lights, wall decor, waterfall lights",8.99,12.99,2.67,Nigeria,active,30.8,70.3,Home & Lighting,3
portable-wireless-bluetooth-sound-box-vibration-stereo-audio-subwoofer-loudspeaker-radio-speaker-for-bathroom-camping-outdoor-126597792093-jlyeg,Waterproof Bluetooth Speaker IPX4 Portable Wireless Shower Bathroom Audio,THE SEAMARK GLOBAL INNOVATIONS LIMITED,Speakers,"Bathroom speaker, Bluetooth speaker, IPX4 rating, Nigeria, Outdoor music, Portable audio, Shower speaker, Suction cup mount, Waterproof speaker",14.99,21.99,5.7,Nigeria,active,31.8,62.0,Audio,10
2023-women-sneakers-platform-casual-breathable-sport-design-vulcanized-shoes-fashion-tennis-female-footwear-zapatillas-mujer-126597792093-evlnj,Women Blue Platform Sneakers Casual Breathable Vulcanized Rubber Footwear,THE SEAMARK GLOBAL INNOVATIONS LIMITED,Footwear,"blue footwear, breathable uppers, casual trainers, chunky sneakers, Nigeria, platform shoes, rubber sole, vulcanized rubber, women sneakers",38.99,57.99,7.68,Nigeria,active,32.8,80.3,Footwear,1
2025-large-size-spring-and-autumn-new-breathable-lightweight-casual-mens-shoes-niche-trend-versatile-flat-sports-mens-shoes-126597792093-4vtfu,2025 Men Lightweight Breathable Knit Casual Sports Shoes Flat Sneakers,THE SEAMARK GLOBAL INNOVATIONS LIMITED,Footwear,"breathable footwear, casual shoes, flat sneakers, knit sneakers, lightweight shoes, men sneakers, Nigeria, sports shoes, streetwear, training shoes",24.99,37.99,11.01,Nigeria,active,34.2,55.9,Footwear,1
women-sport-shoes-fashion-platform-sneakers-ladies-spring-summer-flats-running-shoes-for-women-casual-shoes-mesh-jogging-tennis-126597792093-oh0et,Women Fashion Mesh Platform Sneakers Casual Breathable Running Shoes,THE SEAMARK GLOBAL INNOVATIONS LIMITED,Footwear,"athletic shoes, breathable shoes, casual footwear, Egypy, fashion sneakers, knit sneakers, mesh platform, platform shoes, running shoes, women sneakers",26.99,39.99,13.14,Unspecified,active,32.5,51.3,Footwear,1
basket-femme-2025-spring-new-arrival-womens-vulcanize-shoes-for-outdoor-gym-sport-shoes-female-walking-shoes-tenis-feminino-126597792093-kcnbp,Women Black Casual Breathable Knit Sneakers Vulcanized Sole Walking Sport Shoes,THE SEAMARK GLOBAL INNOVATIONS LIMITED,Footwear,"black knit shoes, breathable sneakers, casual sport shoes, Egypy, gym shoes, knit sneakers, rubber outsole, vulcanized sole, walking shoes, women sneakers",29.99,44.99,14.83,Unspecified,active,33.3,50.6,Footwear,1
women-casual-walking-sneaker-orthopedic-arch-diabetes-support-breathable-sport-design-shoes-fashion-tennis-female-footwear-gift-126597792093-qph0i,Women Casual Walking Sneakers Orthopedic Arch Support Breathable Sport Design,THE SEAMARK GLOBAL INNOVATIONS LIMITED,Footwear,"arch support, breathable shoes, casual footwear, chunky sneakers, diabetic shoes, Egypy, orthopedic shoes, walking shoes, women sneakers",35.99,53.99,17.84,Unspecified,active,33.3,50.4,Footwear,1
new-women-sneakers-platform-shoes-leather-patchwork-casual-sport-shoes-ladies-outdoor-running-vulcanized-shoes-zapatillas-mujer-126597792093-my3z6,Women Black Gold Platform Sneakers Leather Patchwork Casual Running Shoes,THE SEAMARK GLOBAL INNOVATIONS LIMITED,Footwear,"black gold, casual footwear, Egypy, leather patchwork, platform sneakers, rubber outsole, running shoes, white midsole, women sneakers",30.99,45.99,15.03,Unspecified,active,32.6,51.5,Footwear,1
sneakers-women-shoes-2023-pattern-canvas-shoe-casual-women-sport-shoes-flat-lace-up-adult-zapatillas-mujer-chaussure-femme-126597792093-dttbe,Women Blue Canvas Lace Up Flat Sneakers With Chunky White Midsole Casual Shoes,THE SEAMARK GLOBAL INNOVATIONS LIMITED,Footwear,"blue lace up, breathable upper, canvas sneakers, chunky midsole, everyday wear, flat casual shoes, UK, white sole, women casual",27.99,40.99,9.37,UK,active,31.7,66.5,Footwear,1
2026-new-kids-casual-shoes-girls-led-light-cartoon-pu-leather-fashion-sport-flat-bottom-shoes-breathable-purple-pink-size-21-30-126597792093-edwjc,Girls LED Light Up Heart Casual Sneakers Breathable PU Sport Shoes Purple Pink,THE SEAMARK GLOBAL INNOVATIONS LIMITED,Footwear,"Breathable sneakers, Fairy wing shoes, Girls sneakers, Heart glow shoes, Kids sport shoes, LED sneakers, PU casual shoes, Rainbow shoes, UK",19.99,29.99,8.26,UK,active,33.3,58.7,Footwear,1
sailor-moon-girl-baseball-cap-women-sun-hat-adult-children-outdoor-sport-sunbonnet-retro-headgear-cartoon-cute-hip-hop-hat-gift-126597792093-ydoty,Sailor Moon Baseball Cap Women Adults Anime Sun Hat Retro Cartoon Gift,THE SEAMARK GLOBAL INNOVATIONS LIMITED,Hats,"Anime Fans, Anime Hat, Baseball Cap, Cartoon Gift, Retro Cap, Sailor Moon, Streetwear, Sun Hat, UK",11.99,17.99,4.35,UK,active,33.4,63.7,Bags & Accessories,10
brand-women-sneakers-comfortable-platform-shoes-female-fashion-large-size-casual-sport-shoes-2025-new-outdoor-women-running-shoe-126597792093-iosnp,Women Navy Blue Platform Sneakers Casual Lace Up Running Shoes,THE SEAMARK GLOBAL INNOVATIONS LIMITED,Footwear,"casual lace up, daily wear, fashion sneakers, metallic stripes, navy blue shoes, running shoes, synthetic leather, UK, white sole, women platform sneakers",25.99,37.99,5.86,UK,active,31.6,77.5,Footwear,1
tenis-women-sneakers-air-cushion-walking-shoes-breathable-gym-jogging-shoes-for-woman-lace-up-platform-sport-shoe-tenes-feminino-126597792093-xhk9b,Women Air Cushion Lace Up Platform Sneakers Breathable Walking Shoes,THE SEAMARK GLOBAL INNOVATIONS LIMITED,Footwear,"air cushion, breathable mesh, gym shoes, jogging sneakers, lace up, platform shoes, UK, walking shoes, womens sneakers",29.99,44.99,5.7,UK,active,33.3,81.0,Footwear,1
new-women-lightweight-sneakers-sport-bottom-fashionable-sneakers-casual-comfortable-soft-running-designer-shoes-zapatos-de-mujer-126597792093-mtyem,Women Black And White Chunky Platform Lightweight Sport Sneakers Casual Shoes,THE SEAMARK GLOBAL INNOVATIONS LIMITED,Footwear,"black and white, casual shoes, chunky sneakers, lace up shoes, lightweight shoes, platform shoes, running shoes, sport sneakers, streetwear, UK, women sneakers",33.99,50.99,7.1,UK,active,33.3,79.1,Footwear,1
women-sport-sneaker-tennis-running-shoes-female-casual-platform-fashion-footwear-basket-comfortable-elegant-athletic-trend-126597792093-r4m49,Women Rainbow Gradient Platform Sneakers Casual Athletic Shoes,THE SEAMARK GLOBAL INNOVATIONS LIMITED,Footwear,"casual shoes, chunky sneakers, colorful gradient, fashion footwear, platform shoes, rainbow sneakers, street style, UK, women sneakers",37.99,56.99,14.63,UK,active,33.3,61.5,Footwear,1
red-sneakers-women-shoes-woman-tennis-shoes-canvas-shoe-female-casual-shoes-ladies-sport-shoes-platform-sneaker-hollow-out-shoes-126597792093-bhkd9,Women Platform Sneakers Casual Mesh Hollow Out Walking Shoes Black Pink,THE SEAMARK GLOBAL INNOVATIONS LIMITED,Footwear,"Breathable construction, Casual walking shoes, Daily wear, Fashion footwear, Mesh hollow out, Platform sneakers, Thick white sole, UK, Vibrant color accents",21.99,32.99,9.45,UK,active,33.3,57.0,Footwear,1
red-sneakers-women-shoes-woman-tennis-shoes-canvas-shoe-female-casual-shoes-ladies-sport-shoes-platform-sneaker-hollow-out-shoes-126597792093-waewj,Women Red Platform Sneakers Hollow Out Canvas Casual Tennis Shoes,THE SEAMARK GLOBAL INNOVATIONS LIMITED,Footwear,"breathable mesh, casual tennis shoes, fashion sneakers, hollow out canvas, red platform shoes, sport shoes, thick white sole, UK, women sneakers",29.99,44.99,7.63,UK,active,33.3,74.6,Footwear,1
shoes-for-women-platform-shoes-autumn-women-casual-breathable-mesh-sequin-sneakers-wedges-sports-lace-up-non-slip-shoes-126597792093-olvaj,Women Platform Sneakers Sequin Mesh Breathable Lace Up Non Slip Wedges,THE SEAMARK GLOBAL INNOVATIONS LIMITED,Footwear,"breathable shoes, casual wedges, chunky sole, lace up, platform sneakers, sequin mesh, UK, wedge shoes, women footwear",42.99,63.99,8.3,UK,active,32.8,80.7,Footwear,1
luxury-womens-sneakers-mesh-lace-up-women-casual-shoes-fashion-outdoor-running-sport-shoes-comfortable-women-tennis-shoes-36-43-126597792093-m5rlu,Women Breathable Mesh Lace Up Casual Outdoor Running Sport Sneakers Shoes,THE SEAMARK GLOBAL INNOVATIONS LIMITED,Footwear,"athletic sneakers, breathable mesh, casual footwear, lace up, running shoes, sport shoes, UK, walking shoes, women sneakers",29.99,44.99,7.54,UK,active,33.3,74.9,Footwear,1
2023women-shoes-summer-breathable-wedges-sneakers-shoes-women-plus-size-shoes-women-trainers-flat-vulcanize-shoes-sport-sandals-126597792093-n9vxg,Women Summer Breathable Open Toe Wedge Sandal Sneaker Trainers,THE SEAMARK GLOBAL INNOVATIONS LIMITED,Footwear,"breathable footwear, casual shoes, hybrid sandals, open toe sandals, rubber outsole, summer sneakers, UK, wedge trainers, women wedges",21.99,32.99,4.25,UK,active,33.3,80.7,Footwear,1
fashion-thick-sole-silver-sneakers-women-2026-plus-size-43-breathable-platform-sport-shoes-woman-anti-slip-lace-up-running-shoes-126597792093-goedb,Women Silver Platform Sneakers Breathable Mesh Lace Up Chunky Running Shoes,THE SEAMARK GLOBAL INNOVATIONS LIMITED,Footwear,"breathable mesh, chunky running shoes, lace up, metallic overlays, silver platform, streetwear, thick sole, UK, women sneakers",39.99,59.99,18.65,UK,active,33.3,53.4,Footwear,1
casual-flats-cotton-boots-winter-new-sport-platform-fashion-work-shoes-women-winter-new-luxury-hot-plush-boots-126597792093-063ck,Women Winter Canvas Slip On Boots Plush Warm Brown Casual Fashion Shoes,THE SEAMARK GLOBAL INNOVATIONS LIMITED,Footwear,"brown casual, fashion shoes, fur lining, platform sole, plush warm, slip on, UK, winter shoes, women boots",25.99,38.99,11.2,UK,active,33.3,56.9,Footwear,0
summer-women-sandals-flat-heel-new-open-toe-female-shoes-plus-size-outdoor-sport-beach-casual-sandals-flats-womens-shoe-126597792093-l9yve,Women Pink Open Toe Flat Sandals White Lug Sole Casual Summer Beach Shoes,THE SEAMARK GLOBAL INNOVATIONS LIMITED,Footwear,"beach shoes, casual slip on, elastic band, lug sole, open toe, pink sandal, summer footwear, UK, women sandals",27.99,40.99,12.19,UK,active,31.7,56.4,Footwear,1
2025-new-high-heels-wedge-outdoor-sport-spring-white-shoes-breathable-casual-shoe-women-leather-platform-sneakers-red-126597792093-y0hiy,2025 Women White Platform Wedge Sneakers High Heel Breathable Sport Shoes,THE SEAMARK GLOBAL INNOVATIONS LIMITED,Footwear,"breathable sport shoes, chunky sneakers, comfortable footwear, high heel sneakers, leather footwear, platform wedge shoes, UK, women white sneakers",39.99,59.99,10.84,UK,active,33.3,72.9,Footwear,1
fashion-platform-sneakers-women-spring-autumn-round-toe-lace-up-comfort-10cm-thick-bottom-sport-shoe-black-white-casual-shoe-126597792093-yykre,Women Thick Platform Sneakers 10CM Black White Round Toe Casual Lace Up Shoes,THE SEAMARK GLOBAL INNOVATIONS LIMITED,Footwear,"Black White, Chunky Sneakers, Height Increasing, Lace Up, Platform Sneakers, Round Toe, Streetwear, UK, Women Shoes",47.99,71.99,10.3,UK,active,33.3,78.5,Footwear,1
women-sneakers-platform-casual-mesh-breathable-sport-design-vulcanized-shoes-fashion-female-footwear-zapatillas-mujer-shoes-126597792093-xhcl7,Women White Platform Sneakers Gold Side Zipper Casual Sport Shoes,THE SEAMARK GLOBAL INNOVATIONS LIMITED,Footwear,"casual streetwear, chunky platform, gold zipper, metallic hardware, rubber sole, slip on design, UK, white sneakers, women shoes",31.99,47.99,14.24,UK,active,33.3,55.5,Footwear,1
women-flats-ballet-dance-pointed-toe-sandals-shoes-2024-spring-new-designer-loafers-shoes-suede-casual-sport-walking-126597792093-pfn8w,Women Teal Suede Pointed Toe Flat Loafers Casual Dance Shoes Slip On,THE SEAMARK GLOBAL INNOVATIONS LIMITED,Footwear,"ballet style, casual wear, dance shoes, pointed toe loafers, slip on flats, spring shoes, teal suede, UK, women shoes",32.99,48.99,10.02,UK,active,32.7,69.6,Footwear,1
high-quality-spring-women-platform-sneakers-chunky-shoes-sport-vulcanized-shoes-female-casual-shoes-8cm-autumn-thick-leather-126597792093-hxcut,Women Chunky Platform Sneakers Thick Leather 8CM Vulcanized Casual Shoes,THE SEAMARK GLOBAL INNOVATIONS LIMITED,Footwear,"casual footwear, chunky sneakers, leather upper, metal accent, platform shoes, sport shoes, thick sole, UK, women shoes",53.99,80.99,14.66,UK,active,33.3,72.8,Footwear,1
vulcanized-shoes-women-new-2024-casual-sneakers-fashion-flat-lace-up-outdoor-walking-sport-plus-size-43-zapatillas-mujer-126597792093-idyfu,Women 2024 Casual Vulcanized Sneakers With Gold Hardware Lace Up,THE SEAMARK GLOBAL INNOVATIONS LIMITED,Footwear,"casual shoes, cognac shoes, fashion sneakers, gold hardware, lace up, perforated leather, rubber sole, tan sneakers, UK, vulcanized rubber, women sneakers",28.99,43.99,6.23,UK,active,34.1,78.5,Footwear,1
women-sneakers-bling-golden-shoes-casual-female-breathable-sneakers-lace-up-outdoor-sport-women-vulcanize-shoes-zapatos-de-mujer-126597792093-wlpba,Women Glitter Gold Lace Up Sneakers Metallic Toe Cap Casual Breathable Trainers,THE SEAMARK GLOBAL INNOVATIONS LIMITED,Footwear,"breathable, casual footwear, glitter gold, lace up trainers, low top, metallic toe, rubber sole, sparkle shoes, UK, white sole, women sneakers",393.99,590.99,9.52,UK,active,33.3,97.6,Footwear,1
womens-pu-leather-chunky-platform-sneakers-spring-height-increase-thick-bottom-sport-shoes-white-vulcanized-casual-shoes-botas-126597792093-vstq8,Women Pu Leather Chunky Platform Sneakers Height Increase White Vulcanized Shoes,THE SEAMARK GLOBAL INNOVATIONS LIMITED,Footwear,"chunky sneakers, height increase shoes, pu leather shoes, thick sole footwear, UK, vulcanized sneakers, white chunky shoes, white platform shoes, women casual shoes",37.99,55.99,11.09,UK,active,32.1,70.8,Footwear,1
comemore-2026-new-mesh-breathable-chunky-dad-sneakers-for-women-sweet-lace-up-casual-color-block-spring-summer-sport-women-shoes-126597792093-ebbs1,Comemore Women Dad Mesh Chunky Sneakers White Silver Lace Up Casual Trainers,THE SEAMARK GLOBAL INNOVATIONS LIMITED,Footwear,"Casual shoes, Chunky sneakers, Dad shoes, Mesh trainers, Pearl laces, Street style, UK, White silver, Women sneakers",50.99,75.99,12.84,UK,active,32.9,74.8,Footwear,1
women-shoes-platform-chunky-new-loafers-casual-sport-shoes-elegant-2025-winter-trend-brand-woman-sneakers-walking-lolita-zapatos-126597792093-rx1q8,Women Platform Chunky Oxford Loafers Lace Up Casual Winter Lolita Shoes,THE SEAMARK GLOBAL INNOVATIONS LIMITED,Footwear,"black synthetic, casual footwear, chunky oxfords, lace up shoes, lolita fashion, lug sole, platform shoes, UK, winter streetwear",40.99,60.99,13.5,UK,active,32.8,67.1,Footwear,1
rfid-smart-wallet-card-holder-metal-thin-slim-men-women-wallets-pop-up-minimalist-wallet-small-black-purse-vallet-walets-for-men-126597792093-acmw9,Black RFID Smart Wallet Metal Card Holder Slim Pop Up Minimalist Protection,THE SEAMARK GLOBAL INNOVATIONS LIMITED,Bags & Wallets,"black wallet, metal card holder, minimalist wallet, pop up wallet, RFID blocking, RFID wallet, slim wallet, smart wallet, UK",6.99,9.99,1.74,UK,active,30.0,75.1,Bags & Accessories,10
pu-leather-men-short-wallet-thin-style-folding-young-men-credit-card-holder-wallet-126597792093-p7vxi,Deabolar Men Slim Pu Leather Bifold Short Wallet Card Holder,THE SEAMARK GLOBAL INNOVATIONS LIMITED,Bags & Wallets,"bifold, card holder, deabolar, front pocket, men wallet, minimalist, pu leather, slim wallet, UK, vintage",6.99,9.99,1.58,UK,active,30.0,77.4,Bags & Accessories,10
the-latest-shaquille-oneal-34-basketball-jerseys-for-men-and-women-in-2026-will-be-3d-printed-for-home-use-126597792093-x8bbb,Shaquille O'Neal 34 Basketball Jersey Unisex Graffiti Streetwear 2026,THE SEAMARK GLOBAL INNOVATIONS LIMITED,Tops,"2026 Model, 3D Print, Basketball Jersey, Graffiti Streetwear, Neon Design, Shaquille, Sleeveless Vest, UK, Unisex Apparel, Urban Fashion",14.99,21.99,5.71,UK,active,31.8,61.9,Apparel,10
mens-simple-style-short-sleeve-t-shirt-be-kind-letter-printed-t-shirts-for-men-solid-color-crew-neck-tees-daily-casual-tops-126597792093-y5cxk,Men Simple Be Kind Printed Crew Neck Short Sleeve Casual Top Grey,THE SEAMARK GLOBAL INNOVATIONS LIMITED,Tops,"be kind shirt, casual top, crew neck, graphic tee, grey tee, men tshirt, minimalist wear, short sleeve, UK",17.99,25.99,7.04,UK,active,30.8,60.9,Apparel,10
mens-simple-style-short-sleeve-t-shirt-be-kind-letter-printed-t-shirts-for-men-solid-color-crew-neck-tees-daily-casual-tops-126597792093-q6re1,Mens Grey Be Kind Graphic Printed Short Sleeve Casual Crew Neck T Shirt,THE SEAMARK GLOBAL INNOVATIONS LIMITED,Tops,"be kind print, casual crew neck, everyday wear, grey graphic tee, men fashion, mens tshirt, short sleeve top, solid color, UK",17.99,25.99,7.04,UK,active,30.8,60.9,Apparel,10
design-logo-fees-for-custom-t-shirt-please-provide-the-design-pictures-otherwise-the-transaction-will-be-cancelled-126597792093-xnz97,Custom T Shirt Logo Design And Printing Fee UK Service,THE SEAMARK GLOBAL INNOVATIONS LIMITED,Tops,"apparel customization, custom t shirt, DIY print, graphic printing, logo application, logo design, printing fee, UK, UK service",1.99,2.99,0.92,UK,active,33.4,53.8,Apparel,10
new-a6s-tws-wireless-bluetooth-headphones-sport-in-ear-earphone-with-microphone-mini-pods-earbuds-noise-cancelling-headsets-126597792093-2ouat,A6s Tws Wireless Bluetooth Headphones With Microphone Hifi Stereo Uk,THE SEAMARK GLOBAL INNOVATIONS LIMITED,Headphones,"Bluetooth 5.0, Bluetooth Headphones, Dual Pairing, HiFi Stereo, Lightweight Earbuds, Magnetic Case, Microphone, Sport Earbuds, TWS Earbuds, UK, Wireless Earphones",8.99,13.99,3.03,UK,active,35.7,66.3,Audio,10
wireless-bluetooth-53-headphones-noise-cancelling-earphones-mic-pods-over-ear-sports-gaming-headset-126597792093-hgqeg,Wireless Bluetooth 5.3 Over Ear Headphones Noise Cancelling Gaming Sports,THE SEAMARK GLOBAL INNOVATIONS LIMITED,Headphones,"Bluetooth headphones, commuting, gaming headset, matte black, noise cancelling, over ear, sports audio, UK, wireless audio",27.99,40.99,12.19,UK,active,31.7,56.4,Audio,10
smart-watch-for-women-men-wristwatch-bluetooth-connected-phone-player-music-fitness-sport-bracelet-sleep-monitor-digital-watches-126597792093-ulzze,Smart Watch Bluetooth Fitness Tracker Heart Rate Sleep Wristwatch For Men Women,THE SEAMARK GLOBAL INNOVATIONS LIMITED,Watches,"Activity Tracker, Bluetooth Tracker, Calorie Counter, Digital Watch, Fitness Tracker, Heart Rate Monitor, Pedometer, Sleep Tracker, Smart Watch, UK, USB Watch",9.99,14.99,3.26,UK,active,33.4,67.4,Watches,4
fashion-mens-watch-sports-electronic-wristwatch-large-dial-multifunctional-waterproof-luminous-alarm-kids-males-military-watch-126597792093-ebozx,Male Digital Sports Watch Military Style Waterproof Triple Sensor 55mm,THE SEAMARK GLOBAL INNOVATIONS LIMITED,Watches,"55mm, digital sports watch, electronic watch, men watch, military style, outdoor watch, silicone strap, triple sensor, UK, waterproof",7.99,10.99,2.13,UK,active,27.3,73.3,Watches,9
y68-smart-watch-men-women-heart-rate-oxygen-blood-pressure-monitoring-multi-function-sleep-monitoring-smartwatch-for-ios-android-126597792093-q953f,Y68 Smart Watch Heart Rate Blood Pressure Sleep Monitor Fitness Tracker,THE SEAMARK GLOBAL INNOVATIONS LIMITED,Watches,"Activity Tracker, Blood Pressure Monitor, Bluetooth Watch, Fitness Tracker, Health Tracker, Heart Rate Monitor, Sleep Monitor, UK, Y68 Smart Watch",9.99,13.99,3.15,UK,active,28.6,68.5,Watches,4
4pcs-fashion-arabic-dial-men-business-quartz-watch-casusilicone-strap-wristwatch-with-necklace-set-reloj-hombre-without-box-126597792093-ufakc,4 Piece Men Gold Black Quartz Watch Jewelry Set Cross Necklace Bracelet Ring,THE SEAMARK GLOBAL INNOVATIONS LIMITED,Watches,"cross necklace, curb bracelet, gold ring, jewelry set, men watch, mens jewelry, quartz watch, street style, UK",10.99,16.99,3.92,UK,active,35.3,64.3,Watches,9
geneva-high-quality-mens-luxury-belt-fashion-quartz-watch-men-round-business-student-sport-waterproof-glow-clock-126597792093-ntpw8,Geneva Men Luxury Quartz Watch Round Leather Strap Business Classic,THE SEAMARK GLOBAL INNOVATIONS LIMITED,Watches,"alloy case, business chronograph, classic style, Geneva watch, luxury timepiece, men leather watch, roman dials, tachymeter bezel, UK",6.99,9.99,1.84,UK,active,30.0,73.7,Watches,9
laxasfit-smartwatch-bluetooth-talk-smartwatch-message-alert-heart-rate-monitor-sports-watch-for-android-ios-men-women-126597792093-ddfww,Laxasfit X10 Amoled Smartwatch Bluetooth Call Heart Rate Sports Watch,THE SEAMARK GLOBAL INNOVATIONS LIMITED,Watches,"amoled display, bluetooth call, health tracker, heart rate monitor, smartwatch, sports watch, UK, wearable, x10",17.99,25.99,7.13,UK,active,30.8,60.4,Watches,4
poedagar-square-luxury-men-wristwatch-waterproof-luminous-date-stainless-steel-male-clock-business-sports-quartz-watches-for-men-126597792093-bmqfc,POEDAGAR Square Luxury Men Wristwatch Stainless Steel Blue Dial Date Watch,THE SEAMARK GLOBAL INNOVATIONS LIMITED,Watches,"blue dial, business watch, date watch, luxury watch, men's watch, quartz movement, silver watch, square watch, stainless steel, timepiece, UK",26.99,39.99,11.84,UK,active,32.5,56.1,Watches,9
sapphero-mens-watch-waterproof-watch-chronograph-function-date-glowing-hands-stainless-steel-watch-business-watch-for-men-gift-126597792093-8ylmq,Sapphero Men Stainless Steel Chronograph Blue Date Waterproof Watch,THE SEAMARK GLOBAL INNOVATIONS LIMITED,Watches,"blue dial, business watch, chronograph, date watch, men watch, quartz movement, sapphero, silver watch, stainless steel, UK, waterproof",57.99,85.99,27.05,UK,active,32.6,53.4,Watches,9
laxasfit-2025-new-smart-watch-for-men-women-gift-full-touch-screen-sports-fitness-watch-bluetooth-call-digital-smartwatch-126597792093-h4x7s,Smart Watch Bluetooth Call Full Touch Screen Fitness Heart Rate Blood Pressure,THE SEAMARK GLOBAL INNOVATIONS LIMITED,Watches,"blood oxygen, blood pressure, Bluetooth call, fitness tracker, heart rate, sleep monitor, smartwatch, step count, touch screen, UK",24.99,37.99,11.01,UK,active,34.2,55.9,Watches,4
poedagar-luxury-mens-watches-waterproof-luminous-date-week-men-watch-stainless-steel-casual-fashion-quartz-man-wristwatch-reloj-126597792093-u232r,Poedagar Luxury Men's Quartz Watch Green Gradient Dial Date Week Wristwatch,THE SEAMARK GLOBAL INNOVATIONS LIMITED,Watches,"date week, fashion watch, green gradient dial, luxury wristwatch, men's watch, poedagar, quartz watch, stainless steel, UK",27.99,40.99,12.18,UK,active,31.7,56.5,Watches,9
laxasfit-new-mens-smart-watch-led-flashlight-outdoor-sports-smart-watch-wristwatch-health-monitoring-smart-watch-126597792093-xctlc,Laxasfit Men Smart Watch LED Flashlight Outdoor Sports Health Wristwatch,THE SEAMARK GLOBAL INNOVATIONS LIMITED,Watches,"Bluetooth Watch, Digital Watch, Health Monitor, LED Flashlight, Outdoor Sports, Rugged Wristwatch, Smart Watch, Touch Screen, UK",14.99,21.99,5.59,UK,active,31.8,62.7,Watches,4
gl-wear-2025-new-mens-smart-watch-hd-display-health-tracking-bluetooth-calling-voice-assistant-sports-smartwatch-126597792093-xuzjv,Men Smart Watch HD Amoled Display Bluetooth Calling Health Tracking Watch,THE SEAMARK GLOBAL INNOVATIONS LIMITED,Watches,"amoled, bluetooth calling, business watch, hd display, health tracker, men watch, smartwatch, UK, voice assistant",18.99,27.99,7.61,UK,active,32.2,59.9,Watches,4
fashion-men-business-watches-luxury-black-steel-band-male-analog-quartz-watch-relogio-masculino-reloj-hombre-126597792093-l0bet,Orlando Men Luxury Black Dial Gold Black Alloy Bracelet Analog Quartz Watch,THE SEAMARK GLOBAL INNOVATIONS LIMITED,Watches,"alloy bracelet, analog quartz, black dial, business casual, gold bracelet, luxury watch, men watch, Orlando watch, UK",9.99,14.99,3.42,UK,active,33.4,65.8,Watches,9
gl-wear-2025-new-mens-smart-watch-hd-display-health-tracking-bluetooth-calling-voice-assistant-sports-smartwatch-126597792093-htmsp,GL Wear GT4 Pro Men Smartwatch HD AMOLED Bluetooth Calling Health Tracker,THE SEAMARK GLOBAL INNOVATIONS LIMITED,Watches,"Bluetooth Calling, Fitness Watch, GT4 Pro, HD AMOLED, Health Tracker, Heart Rate, Men Watch, Metal Bracelet, Smartwatch, UK",23.99,35.99,10.42,UK,active,33.3,56.6,Watches,4
lige-2026-smart-watch-women-men-ladies-gift-sport-fitness-men-watches-heart-rate-monitor-waterproof-smartwatch-for-android-ios-126597792093-y8dl4,LIGE 2026 Smart Watch Heart Rate Blood Pressure Fitness Tracker Android,THE SEAMARK GLOBAL INNOVATIONS LIMITED,Watches,"Blood Pressure Monitor, Calorie Tracker, Fitness Tracker, Heart Rate Monitor, Sleep Tracker, Smart Watch, Step Counter, UK, Waterproof Watch",20.99,31.99,8.91,UK,active,34.4,57.6,Watches,4
fashion-men-luxury-watches-mens-business-pu-leather-quartz-watch-gifts-for-male-calendar-wristwatch-relogio-masculino-126597792093-qervl,Wokai Men Business Quartz Watch Rose Gold PU Leather Wristwatch,THE SEAMARK GLOBAL INNOVATIONS LIMITED,Watches,"business watch, leather strap, men watch, moon phase, quartz watch, roman numerals, rose gold, UK, Wokai, wristwatch",5.99,8.99,1.46,UK,active,33.4,75.6,Watches,9
2024-smart-watch-android-phone-144-inch-color-screen-bluetooth-call-blood-oxygenpressure-monitoring-smart-watch-women-men-126597792093-n3xka,Smart Watch 1.44 Inch Bluetooth Call Color Screen Health Monitor Android,THE SEAMARK GLOBAL INNOVATIONS LIMITED,Watches,"android compatible, bluetooth calling, color screen, fitness tracker, health monitor, heart rate, smart watch, touch display, UK",16.99,25.99,6.97,UK,active,34.6,59.0,Watches,4
2026-new-military-smart-watch-men-ip67-3atm-outdoor-sports-fitness-tracker-health-monitor-144inch-bt-call-smartwatch-126597792093-zbbi7,Men Military Smart Watch IP67 Outdoor Sports Fitness Tracker Bluetooth Call,THE SEAMARK GLOBAL INNOVATIONS LIMITED,Watches,"bluetooth call, fitness tracker, led flashlight, men smart watch, military watch, outdoor sports, rugged watch, UK, water resistant, wireless call",13.99,20.99,5.26,UK,active,33.3,62.4,Watches,4
luxury-square-dial-men-quartz-wristwatch-fashion-stainless-steel-man-business-watches-with-calendar-reloj-hombre-without-box-126597792093-lacsn,Liboger Square Dial Men Quartz Wristwatch Two Tone Steel Business Calendar Blue,THE SEAMARK GLOBAL INNOVATIONS LIMITED,Watches,"blue dial quartz, business watch, chronograph style, date window, gold bezel, liboger watch, square dial men, square wristwatch, stainless steel bracelet, two tone steel, UK",12.99,18.99,4.68,UK,active,31.6,64.0,Watches,9
poedagar-original-fashion-men-clock-luminous-waterproof-chronograph-date-man-wristwatch-leather-quartz-sport-mens-watches-reloj-126597792093-iuw6s,Poedagar Men Quartz Chronograph Watch Blue Leather Strap Date Waterproof,THE SEAMARK GLOBAL INNOVATIONS LIMITED,Watches,"blue leather strap, date display, fashion timepiece, men wristwatch, multi dial, Poedagar, quartz chronograph, sport watch, tachymeter, UK, water resistant",25.99,37.99,11.12,UK,active,31.6,57.2,Watches,9
luxury-big-dial-men-square-watch-casual-pu-leather-strap-men-sports-watches-126597792093-cvx9z,Yolako Men Square Watch Big Dial Black Leather Strap Chronograph,THE SEAMARK GLOBAL INNOVATIONS LIMITED,Watches,"42mm case, big dial, chronograph, leather strap, luxury watch, men watch, quartz, square watch, UK",9.99,14.99,3.32,UK,active,33.4,66.8,Watches,9
led-light-flash-luminous-watches-women-men-boys-girls-silicone-wrist-watch-fashion-rhinestone-clock-kids-children-relogio-saati-126597792093-pqmdh,Geneva Rhinestone Jelly Watch Black Dial LED Flash Luminous Wristwatch,THE SEAMARK GLOBAL INNOVATIONS LIMITED,Watches,"black dial, clear watch, flash watch, geneva watch, jelly watch, led watch, luminous watch, quartz watch, rhinestone watch, UK, wristwatch",7.99,10.99,2.04,UK,active,27.3,74.5,Watches,9
poedagar-business-men-wristwatch-waterproof-luminous-date-chronograph-sport-man-clock-leather-quartz-fashion-mens-watches-reloj-126597792093-7fvkf,Poedagar Men Emerald Dial Business Leather Chronograph Watch Date Quartz,THE SEAMARK GLOBAL INNOVATIONS LIMITED,Watches,"business timepiece, date window, emerald dial, leather strap, men chronograph, poedagar, quartz movement, silver case, UK, waterproof",33.99,50.99,15.27,UK,active,33.3,55.1,Watches,9
for-xiaomi-watch-5-global-version-sports-smart-watch-men-women-hd-amoled-screen-heart-rate-call-gps-track-waterproof-smartwatch-126597792093-ccyit,Watch 5 Sports Smartwatch HD AMOLED Heart Rate GPS Waterproof Call,THE SEAMARK GLOBAL INNOVATIONS LIMITED,Watches,"Bluetooth call, GPS, HD AMOLED, Heart rate, Smartwatch, Sports watch, UK, Watch 5, Waterproof",26.99,40.99,11.92,UK,active,34.2,55.8,Watches,4
poedagar-luxury-square-mens-watches-waterproof-luminous-date-week-men-watch-stainless-steel-fashion-quartz-man-wristwatch-reloj-126597792093-fnlpw,Poedagar Luxury Black Men Watch Stainless Steel Quartz Date Week Wristwatch,THE SEAMARK GLOBAL INNOVATIONS LIMITED,Watches,"black link bracelet, black wristwatch, date week, day date, geometric case, luxury timepiece, men watch, poedagar, quartz movement, stainless steel, UK",30.99,45.99,13.76,UK,active,32.6,55.6,Watches,9
24pcs-fashion-arabic-dial-women-watches-simple-quaretz-wristwatch-with-bracelets-set-reloj-mujerwithout-box-126597792093-jykl3,Women Watch Bracelet Set Arabic Dial Quartz Gold Simple Wristwatch,THE SEAMARK GLOBAL INNOVATIONS LIMITED,Watches,"alloy case, arabic dial, bracelet set, daily style, gold tone, heart charm, layered looks, Nigeria, quartz watch, simple watch, women wristwatch",11.99,17.99,4.26,Nigeria,active,33.4,64.5,Watches,9
4pcs-fashion-arabic-dial-men-business-quartz-watch-casusilicone-strap-wristwatch-with-necklace-set-reloj-hombre-without-box-126597792093-knitb,4 Piece Men Gold Black Skeleton Quartz Watch Ring Necklace Bracelet Set,THE SEAMARK GLOBAL INNOVATIONS LIMITED,Watches,"cross necklace, curb bracelet, gift set, gold ring, men jewelry, Nigeria, quartz watch, skeleton watch, watch set",11.99,17.99,4.34,Nigeria,active,33.4,63.8,Watches,9
gl-wear-2026-smartwatch-outdoor-sport-fitness-hr-spo2-sleep-monitor-led-flashlight-bluetooth-call-men-women-126597792093-xtvlg,GL Wear Smartwatch Outdoor Sport LED Flashlight Bluetooth Call Fitness,THE SEAMARK GLOBAL INNOVATIONS LIMITED,Watches,"BLE 5.2, Bluetooth Call, Fitness Tracker, GL Wear, HD Display, Health Monitor, LED Flashlight, Nigeria, Outdoor Sport, Smartwatch, Touch Screen",14.99,21.99,5.6,Nigeria,active,31.8,62.6,Watches,4
new-smart-watch-bluetooth-call-camera-control-multiple-sports-modes-watches-heart-rate-blood-oxygen-sleep-monitoring-smartwatch-126597792093-llkos,New Smart Watch Bluetooth Calling Touchscreen Health Tracker,THE SEAMARK GLOBAL INNOVATIONS LIMITED,Watches,"Bluetooth Calling, BT 5.3, Health Tracker, Music Control, Nigeria, Smart Watch, Social Alerts, Sports Watch, Touchscreen, Wearable, Weather Monitor",24.99,36.99,10.74,Nigeria,active,32.4,57.0,Watches,4
paazomu-fashion-original-men-clock-waterproof-stainless-steel-elegant-man-wristwatch-quartz-casual-business-mens-watches-reloj-126597792093-filcg,PAAZOMU Creative Men Watch WiFi Signal Blue Dial Stainless Quartz Watch,THE SEAMARK GLOBAL INNOVATIONS LIMITED,Watches,"blue dial, creative watch, fashion watch, men watch, Nigeria, quartz watch, stainless steel, unique timepiece, wifi signal",31.99,47.99,14.44,Nigeria,active,33.3,54.9,Watches,9
smael-brand-8109-new-electronic-watch-fashion-square-dual-display-waterproof-luminous-multi-color-for-men-126597792093-wpbm6,SMAEL 8109 Men Square Analog Digital Dual Luminous Waterproof Watch,THE SEAMARK GLOBAL INNOVATIONS LIMITED,Watches,"black gold, dual display, led display, luminous, men watch, Nigeria, quartz, SMAEL, sports watch, square watch, waterproof",17.99,26.99,7.36,Nigeria,active,33.3,59.1,Watches,9
2pcsset-men-business-watches-fashion-arabic-dial-steel-band-males-quartz-watch-set-without-box-126597792093-eqj7p,Saigela Two Piece Set Men Quartz Watch Gold Steel Band Arabic Dial,THE SEAMARK GLOBAL INNOVATIONS LIMITED,Watches,"arabic dial, business style, chronograph, gold steel band, men watch, Nigeria, quartz watch, saigela, two piece set",16.99,24.99,6.83,Nigeria,active,32.0,59.8,Watches,9
2026-rugged-military-smart-watch-men-outdoor-watches-lp68-waterproof-201-al-voice-bluetooth-call-smartwatch-for-android-los-126597792093-ib07n,Lige Rugged Outdoor Smart Watch Men IP68 Waterproof Android Bluetooth Call,THE SEAMARK GLOBAL INNOVATIONS LIMITED,Watches,"Android watch, Bluetooth call, HD display, IP68 waterproof, Lige, men smartwatch, Nigeria, outdoor watch, rugged smartwatch, sport watch, stainless steel",40.99,61.99,18.92,Nigeria,active,33.9,53.8,Watches,4
2026-smart-watch-android-ios-phone-201-inch-color-screen-bluetooth-answer-call-fitness-watches-tracker-smartwatch-women-men-126597792093-bcflw,2026 Smart Watch 2.01 Inch Bluetooth Call Fitness Tracker Android IOS Unisex,THE SEAMARK GLOBAL INNOVATIONS LIMITED,Watches,"Bluetooth Call, Digital Watch, Fitness Tracker, Health Monitor, Nigeria, Smart Watch, TFT Display, Unisex Watch, Wearable Tech",20.99,30.99,8.68,Nigeria,active,32.3,58.6,Watches,4
2pcs-fashion-rectangle-women-quartz-watch-rhinestone-bracelet-set-roma-dial-ladies-wristwatches-girls-clock-reloj-mujer-126597792093-gq1tz,Ladies 2pcs Gold Rectangle Quartz Watch Rhinestone Bracelet Set Roman Dial Gold,THE SEAMARK GLOBAL INNOVATIONS LIMITED,Watches,"gold bracelet, jewelry set, ladies set, link band, Nigeria, quartz watch, rectangle watch, rhinestone bracelet, roman dial",9.99,14.99,3.38,Nigeria,active,33.4,66.2,Watches,9
womens-quartz-watch-gold-luxury-women-ring-necklace-earring-rhinestone-fashion-wristwatch-casual-ladies-watches-jewelry-set-126597792093-1g5cz,Ladies Gold Rhinestone Swan Jewelry Set Watch Necklace Ring Earrings,THE SEAMARK GLOBAL INNOVATIONS LIMITED,Watches,"Crystal bracelet, Crystal earrings, Fashion jewelry, Gold ring, Gold watch, Ladies jewelry, Nigeria, Quartz watch, Rhinestone set, Swan necklace, Swan pendant",10.99,15.99,3.81,Nigeria,active,31.3,65.3,Watches,9
elegant-oval-dial-women-wristwatch-fashion-ladies-quartz-watch-reloj-mujer-girls-clock-giftwithout-box-126597792093-xks5m,Elegant Gold Tone Oval Dial Women Quartz Wristwatch Fashion Gift,THE SEAMARK GLOBAL INNOVATIONS LIMITED,Watches,"daily wear, fashion gift, gold tone, metal bracelet, Nigeria, oval dial, quartz movement, slim profile, women wristwatch",8.99,13.99,2.92,Nigeria,active,35.7,67.5,Watches,9
6pcs-women-watch-jewelry-set-fashion-quartz-watch-crystal-infinity-bracelet-necklace-earring-ring-for-ladieswithout-box-126597792093-fxfip,Women Gold Quartz Watch Crystal Infinity Bracelet Necklace Ring Earrings 6 Pcs,THE SEAMARK GLOBAL INNOVATIONS LIMITED,Watches,"crystal earrings, crystal jewelry set, gift set for her, gold bracelet, gold quartz watch, jewelry collection, Nigeria, pendant necklace, women jewelry set",8.99,13.99,3.0,Nigeria,active,35.7,66.6,Watches,9
laxasfit-201-inch-curved-screen-mens-smart-watch-bluetooth-53-hd-call-multiple-sports-modes-woman-watch-gift-126597792093-3foor,LAXASFIT 2.01 Curved Smart Watch Bluetooth 5.3 HD Call Sports Gift,THE SEAMARK GLOBAL INNOVATIONS LIMITED,Watches,"3d display, curved screen, fitness tracker, hd call, Nigeria, smart watch, smartwatch, sports watch, super amoled",23.99,34.99,10.16,Nigeria,active,31.4,57.6,Watches,4
women-sneakers-summer-fashion-black-sports-casual-shoes-breathable-mesh-lightweight-air-cushion-non-slip-running-shoe-zapatillas-126597792093-g9ggv,Women Black Breathable Mesh Air Cushion Sneakers Lightweight Running Shoes,THE SEAMARK GLOBAL INNOVATIONS LIMITED,Footwear,"air cushion shoes, black mesh shoes, breathable knit upper, comfort footwear, Egypy, lightweight running shoes, slip on sneakers, summer sports shoes, women sneakers",33.99,50.99,16.84,Unspecified,active,33.3,50.5,Footwear,1
women-platform-wedge-sandals-summer-fashion-new-comfortable-shoes-for-women-light-casual-velcro-beach-sandals-zapatos-de-mujer-126597792093-h78ct,White Platform Wedge Sandals For Women Velcro Straps Beach Fashion,THE SEAMARK GLOBAL INNOVATIONS LIMITED,Footwear,"Beach Fashion, Casual Footwear, Chunky Shoes, Egypy, Streetwear, Summer Style, Velcro Straps, Wedge Sandals, White Platform",35.99,53.99,4.37,Unspecified,active,33.3,87.9,Footwear,1
women-running-shoes-breathable-casual-shoes-outdoor-light-weight-sports-shoes-casual-walking-sneakers-tenis-feminino-shoes-126597792093-vl0af,Women Lightweight Breathable Knit Mesh Running Shoes Casual Walking Sneakers,THE SEAMARK GLOBAL INNOVATIONS LIMITED,Footwear,"air cushion, athletic sneakers, breathable sneakers, casual walking, Egypy, knit mesh, lightweight shoes, mesh upper, women running shoes",48.99,72.99,12.63,Unspecified,active,32.9,74.2,Footwear,1
winter-womens-faux-fur-boots-fluffy-plush-warm-snow-boots-luxury-girls-furry-fashion-footwear-winter-shoe-126597792093-lrkiw,Women Winter Luxury Faux Fur Boots Fluffy Plush Warm Snow Footwear,THE SEAMARK GLOBAL INNOVATIONS LIMITED,Footwear,"Egypy, faux fur boots, fluffy snow boots, furry ankle boots, luxury winter boots, plush footwear, warm winter shoes, winter footwear, women winter boots",61.99,91.99,6.92,Unspecified,active,32.6,88.8,Footwear,0
women-platform-slippers-flat-sandals-outdoor-floral-slippers-ladies-new-summer-women-shoes-beach-slides-women-2026-flip-flops-126597792093-ltwnw,Women Platform Floral Print Slide Sandals Summer Beach Flip Flops,THE SEAMARK GLOBAL INNOVATIONS LIMITED,Footwear,"Beach Flip Flops, Casual Slippers, Egypy, Floral Print Slides, Gold Slide Sandals, Platform Walkers, Poolside Shoes, Summer Thong Sandals, Women Platform Sandals",33.99,50.99,6.51,Unspecified,active,33.3,80.8,Footwear,6
designer-sneakers-for-women-summer-leather-waterproof-casual-sports-shoes-women-lightweight-breathable-non-slip-platform-shoes-126597792093-xaje8,Women White Red Dragon Embroidery Platform Sneakers Lightweight Sports,THE SEAMARK GLOBAL INNOVATIONS LIMITED,Footwear,"Colorblock sneakers, Dragon embroidery, Egypy, Mesh trainers, Platform shoes, Red white sneakers, Retro runners, Streetwear shoes, Women sneakers",47.99,70.99,7.62,Unspecified,active,32.4,84.1,Footwear,1
baasploa-women-casual-sneakers-leather-platform-sneakers-for-women-classics-comfort-skateboarding-shoes-non-slip-126597792093-hfntf,Baasploa Women Casual Platform Sneakers Faux Leather Comfort Shoes,THE SEAMARK GLOBAL INNOVATIONS LIMITED,Footwear,"casual footwear, comfort shoes, Egypy, faux leather, gold accents, lace up, platform shoes, skate style, urban style, white sneakers, women sneakers",30.99,46.99,15.37,Unspecified,active,34.0,50.4,Footwear,1
cansnow-womens-watch-luxury-fashion-rose-gold-bangle-bracelet-watch-women-dress-clock-female-lady-saati-girls-wristwatch-relojes-126597792093-i6k9d,Cansnow Women Gold Bangle Bracelet Watch Luxury Fashion Wristwatch,THE SEAMARK GLOBAL INNOVATIONS LIMITED,Watches,"analog dial, bracelet watch, Egypy, fashion cuff, gold bangle, luxury wristwatch, quartz movement, stainless steel, women watch",7.99,10.99,3.3,Unspecified,active,27.3,58.7,Watches,9
sport-band-for-apple-watch-straps-45mm-49mm-44mm-40mm-41mm-42mm-46mm-silicone-bracelet-iwatch-ultra-2-series-10-9-8-se-7-6-5-4-3-126597792093-vg5u2,Premium Perforated Silicone Sport Band for Apple Watch Series,THE SEAMARK GLOBAL INNOVATIONS LIMITED,Watches,"Apple Watch band, Egypy, Perforated strap, Silicone sport band, Stainless buckle, Sweat resistant, Universal fit, Ventilated band, Workout band",2.99,3.99,1.01,Unspecified,active,25.1,66.2,Watches,3
fashion-womens-gold-watch-bangle-bracelet-stainless-steel-luxury-watches-for-women-ladies-quartz-wristwatch-relogio-126597792093-2vks1,Cansnow Women Gold Bangle Watch Square Black Dial Crystal Bezel Stainless Watch,THE SEAMARK GLOBAL INNOVATIONS LIMITED,Watches,"black dial, Cansnow, crystal bezel, Egypy, gold bangle, jewelry watch, quartz watch, stainless steel, women watch",5.99,8.99,2.58,Unspecified,active,33.4,56.9,Watches,9
for-xiaomi-watch-5-global-version-sports-smart-watch-men-women-hd-amoled-screen-heart-rate-call-gps-track-waterproof-smartwatch-126597792093-evfdm,Xiaomi Watch 5 Global Version Smart Watch HD AMOLED Heart Rate GPS Waterproof,THE SEAMARK GLOBAL INNOVATIONS LIMITED,Watches,"Egypy, fitness tracker, global version, gps tracker, hd amoled, health monitor, heart rate monitor, smart watch, sports watch, waterproof, xiaomi watch 5",20.99,30.99,10.11,Unspecified,active,32.3,51.8,Watches,4
cansnow-womens-watch-luxury-fashion-rose-gold-bangle-bracelet-watch-women-dress-clock-female-lady-saati-girls-wristwatch-relojes-126597792093-dnn46,Cansnow Womens Gold Bangle Bracelet Watch Luxury Quartz Cage Dress Wristwatch,THE SEAMARK GLOBAL INNOVATIONS LIMITED,Watches,"cage cuff, dress watch, gold bangle, luxury jewelry, Nigeria, quartz bracelet, stainless steel, women watch, wristwatch",10.99,15.99,3.76,Nigeria,active,31.3,65.8,Watches,9
fashion-womens-gold-watch-bangle-bracelet-stainless-steel-luxury-watches-for-women-ladies-quartz-wristwatch-relogio-126597792093-3sasn,Women Gold Crystal Square Bangle Watch Stainless Steel Quartz Wristwatch,THE SEAMARK GLOBAL INNOVATIONS LIMITED,Watches,"black dial, bracelet watch, fashion jewelry, gold crystal, Nigeria, quartz wristwatch, square dial, stainless steel, women bangle watch",10.99,15.99,3.63,Nigeria,active,31.3,67.0,Watches,9
women-casual-shoes-fashion-breathable-walking-mesh-flat-shoes-sneakers-women-2021-gym-vulcanized-shoes-white-female-footwear-126597792093-mxdpr,Women White Breathable Mesh Walking Sneakers Casual Lightweight Shoes,THE SEAMARK GLOBAL INNOVATIONS LIMITED,Footwear,"breathable sneakers, casual shoes, Egypy, gym shoes, lightweight shoes, mesh sneakers, walking shoes, white shoes, women sneakers",24.99,36.99,12.1,Unspecified,active,32.4,51.6,Footwear,1
8pcs-soft-fluffy-makeup-brushes-set-kabuki-blending-foundation-blush-powder-eyeshadow-beauty-tools-for-cosmetics-126597792093-sa6pe,8Pcs Soft Fluffy Makeup Brushes Set Kabuki Blending Foundation Blush Powder Eyeshadow Beauty Tools for Cosmetics,THE SEAMARK GLOBAL INNOVATIONS LIMITED,Unknown,"beauty, beauty tools, blush brush, cosmetic set, eyeshadow brush, foundation brush, kabuki brush, makeup brushes, powder brush, UK shipping",5.99,8.99,1.2,UK,active,33.4,80.0,Other,10
16-colors-pearlescent-eyeliner-color-glitter-waterproof-long-lasting-eye-makeup-non-smudge-eyeliner-126597792093-hbmpa,"16 Colors Pearlescent Eyeliner, Color Glitter Waterproof Long-Lasting Eye Makeup Non-smudge Eyeliner",THE SEAMARK GLOBAL INNOVATIONS LIMITED,Unknown,"beauty, colored eyeliner, DNM eyeliner, eye cosmetics, gel liner, glitter makeup, multicolor makeup, pearlescent eyeliner, smoky eye, UK shipping, waterproof liner, winged liner",5.99,8.99,1.22,Unspecified,active,33.4,79.6,Other,10
tear-off-pull-line-eyebrow-pencil-not-sharpen-need-eyebrow-pencil-natural-color-rendering-sweat-proof-and-smudge-proof-eyebro-126597792093-6yi42,Tear Off Pull Line Eyebrow Pencil Sweat Proof Smudge Proof No Sharpening Needed,THE SEAMARK GLOBAL INNOVATIONS LIMITED,Unknown,"beauty, coloured soft pencil, eyebrow makeup, natural color rendering, no sharpen eyebrow, pull line brow pencil, smudge proof makeup, sweat proof brow, tear off eyebrow pencil, UK shipping",5.99,8.99,1.3,UK,active,33.4,78.3,Other,10
xiaomi-redmi-10a-sky-blue-unlocked-32gb-grade-b,"Xiaomi Redmi 10A – Sky Blue (Unlocked, 32GB) | Grade B",THE SEAMARK GLOBAL INNOVATIONS LIMITED,Smartphones,"13MP Camera, 32GB Storage, Budget Phone, Grade B, HD Display, local-shop, Nigeria, Sky Blue, Smartphone, Unlocked, Unlocked Phone, Xiaomi, Xiaomi Redmi 10A",100.89,,,Nigeria,active,,,Smartphones,10
xiaomi-redmi-note-11-pro-grey-128gb-good-condition,Xiaomi Redmi Note 11 Pro – Grey (128GB) | Good Condition,THE SEAMARK GLOBAL INNOVATIONS LIMITED,Smartphones,"11 Pro, 120Hz, 128GB, AMOLED, Good Condition, Grey, Helio G96, local-shop, Nigeria, Redmi, Redmi Note, Smartphone, Unlocked, Xiaomi",109.99,,,Nigeria,active,,,Smartphones,10
sky-blue34-80-85kg-2026-new-business-mens-jeans-casual-straight-stretch-fashion-classic-blue-black-work-denim-pant-trousers-male-clothing-126597792093-8ccrv,Men's Business Straight Stretch Jeans Classic Sky Blue Work Denim Trousers,THE SEAMARK GLOBAL INNOVATIONS LIMITED,Unknown,"Blue Denim, Business Jeans, Casual Pants, Denim Trousers, Male Clothing, Straight Fit, Stretch Denim, USA, Work Pants",19.99,29.99,8.53,USA,active,33.3,57.3,Apparel,5
sky-blue34-80-85kg-2026-new-business-mens-jeans-casual-straight-stretch-fashion-classic-blue-black-work-denim-pant-trousers-male-clothing-126597792093-nxo8r,Men's Casual Straight Stretch Business Jeans Sky Blue Denim Work Trousers,THE SEAMARK GLOBAL INNOVATIONS LIMITED,Unknown,"Blue Jeans, Business Wear, Casual Pants, Male Clothing, Straight Fit, Stretch Denim, Summer Denim, USA, Work Trousers",20.99,30.99,8.54,USA,active,32.3,59.3,Apparel,5
black110cm-trend-rivet-belt-heavy-metal-belt-men-women-punk-nightclub-rock-style-belt-jeans-belt-y2k-belt-fashion-decoration-women-belt-126597792093-rbvki,Rivet Heavy Metal Belt Unisex Punk Rock Y2K Jeans Belt Black 110cm,THE SEAMARK GLOBAL INNOVATIONS LIMITED,Unknown,"black belt, heavy metal, jeans belt, leather belt, nightclub wear, punk style, pyramid studs, rivet belt, studded belt, USA, y2k fashion",8.99,12.99,2.71,USA,active,30.8,69.9,Apparel,7
35picture-color-2025-new-business-mens-jeans-casual-comfortable-straight-stretch-fashion-male-classic-premium-blue-black-denim-trousers-126597792093-op9wg,Men's Premium Straight Stretch Business Jeans Classic Blue Black Denim Trousers,THE SEAMARK GLOBAL INNOVATIONS LIMITED,Unknown,"business casual, classic blue, comfortable jeans, elastic pants, fashion wear, male trousers, men jeans, premium denim, straight fit trousers, stretch denim, USA",18.99,27.99,7.68,USA,active,32.2,59.6,Apparel,5
light-blue36-spring-mens-light-blue-slim-jeans-stylish-casual-stretch-fabric-denim-pants-classic-trousers-smoke-gray-126597792093-xayir,Light blue/36 - Spring Men's Light Blue Slim Jeans Stylish Casual Stretch Fabric Denim Pants Classic Trousers Smoke Gray,THE SEAMARK GLOBAL INNOVATIONS LIMITED,Unknown,"business casual, casual trousers, cotton blend, denim pants, light blue jeans, men jeans, straight fit, stretch fabric, USA",38.99,58.99,17.98,USA,active,33.9,53.9,Apparel,5
black4xl-summer-soft-lyocell-fabric-mens-jeans-thin-loose-straight-pants-drawstring-elastic-waist-korea-casual-trousers-plus-size-m-5xl-126597792093-66q4g,Men's Soft Lyocell Summer Jeans Loose Straight Drawstring Elastic Waist Plus Size,THE SEAMARK GLOBAL INNOVATIONS LIMITED,Unknown,"black pants, casual wear, drawstring waist, lyocell fabric, men trousers, plus size, straight fit, streetwear, summer pants, USA",27.99,40.99,12.14,USA,active,31.7,56.6,Apparel,5
30black-spring-autumn-vintage-black-business-jeans-men-casual-straight-stretch-classic-work-denim-trousers-korean-comfortable-brand-pant-126597792093-qsxw2,Men's Vintage Black Business Jeans Straight Stretch Classic Work Denim Trousers,THE SEAMARK GLOBAL INNOVATIONS LIMITED,Unknown,"black denim, brand pants, business pants, casual trousers, mens jeans, spring autumn, straight fit, stretch denim, USA, vintage style, work wear",25.99,37.99,11.05,USA,active,31.6,57.5,Apparel,5
white-bluexxxl-new-streetwear-loose-jeans-men-korean-style-fashion-loose-straight-wide-leg-pants-mens-brand-clothing-black-light-blue-126597792093-wsame,Men's Streetwear Loose Wide Leg Jeans Korean Style Light Blue Straight Pants,THE SEAMARK GLOBAL INNOVATIONS LIMITED,Unknown,"casual denim, cotton blend, korean style, leisure wear, loose jeans, mens fashion, mens-clothing, straight fit, streetwear, USA Shipping Profile, wide leg pants",35.99,53.99,16.33,Unspecified,active,33.3,54.6,Apparel,5
silver60cm-men-personality-star-charm-layered-street-style-pant-jeans-chain-belt-women-punk-pentagram-decorative-belt-126597792093-hqwqx,Silver/60cm - Men personality Star Charm Layered Street Style Pant Jeans Chain Belt women Punk pentagram decorative belt,THE SEAMARK GLOBAL INNOVATIONS LIMITED,Unknown,"chain belt, decorative belt, jeans chain, layered chain, pant chain, pentagram charm, punk fashion, silver accessory, star charm, street style, USA",5.99,8.99,1.41,USA,active,33.4,76.5,Apparel,7
style-2-unisex-hip-hop-punk-rock-metal-waist-chain-pants-key-ring-trousers-chain-wallet-accessory-jeans-jewelry-gift-for-men-and-women-126597792093-tg5dd,Unisex Hip Hop Punk Metal Waist Chain Trousers Wallet Chain Jeans Accessory,THE SEAMARK GLOBAL INNOVATIONS LIMITED,Unknown,"hip hop, jeans jewelry, metal chain, pocket chain, punk rock, spike chain, trousers chain, unisex gift, USA, waist chain, wallet chain",8.99,12.99,2.78,USA,active,30.8,69.1,Apparel,7
gold130cm-new-stylish-y2k-hollow-fashion-punk-belttrendy-accessory-for-ideal-giftsversatile-for-jeans-dress-casual-wearfor-men-women-126597792093-ehz83,Y2K Hollow Punk Belt Gold 130cm Unisex Trendy Accessory For Jeans And Dresses,THE SEAMARK GLOBAL INNOVATIONS LIMITED,Unknown,"Double Eyelet, Flame Buckle, Hollow Belt, Punk Belt, Streetwear, Tribal Buckle, Unisex Accessory, USA, Y2K Belt",8.99,12.99,2.82,USA,active,30.8,68.6,Apparel,7
black105cm-mens-punk-style-rivet-decorated-heavy-metal-belt-women-casual-fashion-jeans-decorative-belt-rock-gothic-y2k-belts-for-men-women-126597792093-2rxgs,Punk Rivet Heavy Metal Belt Unisex Rock Gothic Y2K Jeans Belt Black 105cm,THE SEAMARK GLOBAL INNOVATIONS LIMITED,Unknown,"cone studs, gothic belt, heavy metal, jeans belt, punk belt, pyramid spikes, rivet belt, rock belt, spiked belt, USA, y2k fashion",8.99,12.99,2.59,USA,active,30.8,71.2,Apparel,7
silver-men-personality-star-charm-layered-street-style-pant-jeans-chain-belt-women-punk-pentagram-decorative-belt-126597792093-br1ya,Silver - Men personality Star Charm Layered Street Style Pant Jeans Chain Belt women Punk pentagram decorative belt,THE SEAMARK GLOBAL INNOVATIONS LIMITED,Unknown,"decorative hip chain, denim accessory, layered jeans belt, pant chain, pentagram belt, punk street style, Silver star chain, unisex fashion, USA",5.99,7.99,1.16,USA,active,25.0,80.6,Apparel,7
silver-men-personality-star-charm-layered-street-style-pant-jeans-chain-belt-women-punk-pentagram-decorative-belt-126597792093-wobqi,Silver - Men personality Star Charm Layered Street Style Pant Jeans Chain Belt women Punk pentagram decorative belt,THE SEAMARK GLOBAL INNOVATIONS LIMITED,Unknown,"charm chain, denim accessories, layered jeans chain, pant decoration, punk streetwear, silver waist chain, star chain belt, street style belt, USA",5.99,7.99,1.16,USA,active,25.0,80.6,Apparel,7
silver-color-punk-pants-chains-belt-chain-for-man-women-jean-trousers-chains-goth-jewelry-gothic-emo-scene-accessories-126597792093-z4sqb,Punk Pants Chain Belt Unisex Goth Emo Trousers Jewellery Silver,THE SEAMARK GLOBAL INNOVATIONS LIMITED,Unknown,"belt chain, emo fashion, goth accessories, hip hop, jeans chain, pants chain, punk jewelry, silver chain, spiked chain, USA",6.99,9.99,1.67,USA,active,30.0,76.1,Apparel,7
image-colorxxl-2025-new-streetwear-loose-jeans-men-korean-style-fashion-loose-straight-wide-leg-pants-mens-brand-clothing-black-light-blue-126597792093-emshs,Men's Streetwear Loose Straight Jeans Korean Wide Leg Pants Black Light Blue,THE SEAMARK GLOBAL INNOVATIONS LIMITED,Unknown,"Black, Brand Clothing, Casual Wear, Korean Style, Leisure Pants, Loose Jeans, Men Pants, Streetwear, USA, Wide Leg Pants",20.99,30.99,8.7,USA,active,32.3,58.6,Apparel,5
image-colorxxl-2025-new-streetwear-loose-jeans-men-korean-style-fashion-loose-straight-wide-leg-pants-mens-brand-clothing-black-light-blue-126597792093-henv9,Men's Korean Streetwear Wide Leg Loose Jeans Straight Denim Pants XXL,THE SEAMARK GLOBAL INNOVATIONS LIMITED,Unknown,"black pants, casual wear, korean style, leisure wear, loose fit, loose jeans, men fashion, straight pants, streetwear, USA, wide leg pants",20.99,30.99,8.7,USA,active,32.3,58.6,Apparel,5
black105cm-new-women-belt-high-quality-luxury-brand-punk-goth-rivet-black-jeans-unisex-men-belt-paw-skull-buckle-belt-unisex-waist-belt-126597792093-dds31,Punk Goth Rivet Belt Paw Skull Buckle Unisex Black Jeans Waist Belt 105cm,THE SEAMARK GLOBAL INNOVATIONS LIMITED,Unknown,"black jeans, designer belt, goth belt, paw buckle, punk belt, rivet belt, skull buckle, unisex waist, USA",7.99,11.99,2.5,USA,active,33.4,68.7,Apparel,7
as-picture-hip-hop-punk-rock-metal-pants-waist-chain-men-women-key-chain-trousers-chain-wallet-keychain-jeans-unisex-hip-hop-jewelry-gift-126597792093-r701r,Hip Hop Punk Metal Waist Chain Unisex Trousers Wallet Keychain Jeans Jewellery,THE SEAMARK GLOBAL INNOVATIONS LIMITED,Unknown,"gothic jewelry, hip hop jewelry, jeans chain, keychain, metal chain, pants accessory, punk chain, unisex accessory, USA, waist chain, wallet chain",7.99,11.99,2.38,USA,active,33.4,70.2,Apparel,7
black36-2025-spring-new-mens-slim-fit-classic-skinny-jeans-casual-street-style-casual-mens-skinny-jeans-male-slim-fit-pencil-denim-blue-126597792093-evh5b,Men's Slim Fit Classic Skinny Jeans Casual Street Style Pencil Denim Black,THE SEAMARK GLOBAL INNOVATIONS LIMITED,Unknown,"black denim, casual street style, casual wear, hip hop fashion, male jeans, mens skinny jeans, slim fit denim, stretch pencil, USA",22.99,34.99,9.87,USA,active,34.3,57.1,Apparel,5
white110cm-retro-mens-belt-bohemian-style-fashion-personalized-belt-for-men-women-punk-rock-y2k-belts-for-jeans-dresses-casual-wear-126597792093-untga,Retro Bohemian Belt White 110cm Unisex Punk Rock Y2K Belt For Jeans And Dresses,THE SEAMARK GLOBAL INNOVATIONS LIMITED,Unknown,"bohemian belt, casual wear, egypt, gothic buckle, mens-clothing, punk rock, retro style, skull studs, UK shipping, USA Shipping Profile, white belt, y2k fashion",15.99,22.99,6.04,Unspecified,active,30.4,62.2,Apparel,7
image-color30-men-fashion-straight-jeans-mens-2026-new-stretch-slim-fit-pants-comfortable-soft-business-denim-trousers-male-brand-clothing-126597792093-iydzo,Men's Straight Stretch Slim Fit Jeans Soft Comfortable Business Denim Trousers,THE SEAMARK GLOBAL INNOVATIONS LIMITED,Unknown,"business casual, casual wear, denim trousers, men jeans, mens fashion, mens-clothing, slim fit, soft denim, straight jeans, stretch denim, USA Shipping Profile",17.99,25.99,7.11,Unspecified,active,30.8,60.5,Apparel,5
34-80-85kgsky-blue-2026-new-business-mens-jeans-casual-straight-stretch-fashion-classic-blue-black-work-denim-pant-trousers-male-clothing-126597792093-rsfwi,Men's Business Jeans Casual Straight Stretch Sky Blue Work Denim Trousers,THE SEAMARK GLOBAL INNOVATIONS LIMITED,Unknown,"blue jeans, business casual, casual trousers, fashion denim, mens jeans, mens-clothing, straight cut, stretch denim, summer pants, USA Shipping Profile, work pants",21.99,32.99,9.46,Unspecified,active,33.3,57.0,Apparel,5
xiaomi-11-lite-unlocked-128gb-very-good-grade,Xiaomi 11 Lite – Unlocked (128GB) | Very Good Grade,THE SEAMARK GLOBAL INNOVATIONS LIMITED,Mobile Phones,"128GB, android, electronics, local-shop, mobile device, Refurbished Phone, slim phone, smart-gadgets, Unlocked Smartphone, very good condition, Very Good Grade, Xiaomi, xiaomi 11 lite",80.0,129.99,,Worldwide,active,38.5,,Smartphones,10
30x50cm-black-pet-feeding-mat-absorbent-pet-placemat-rubber-backing-quick-dry-water-mat-for-dog-cat-for-food-and-water-bowl-with-waterproof-126597792093-qdgxs,Absorbent Pet Feeding Mat 30x50cm Black Waterproof Rubber Backed Dog Cat Placemat,THE SEAMARK GLOBAL INNOVATIONS LIMITED,Pet Supplies,"absorbent pet mat, cat water mat, dog placemat, leak proof bowl mat, pet accessories, pet feeding mat, quick dry mat, rubber backing mat, waterproof placemat",8.99,13.99,2.97,Unspecified,active,35.7,67.0,Pet Supplies,10
m-automatic-drinking-love-pet-bowl-moisture-proof-cat-bowl-dog-basin-dual-use-multi-functional-drinking-and-feeding-126597792093-nuppr,M - Automatic Drinking Love Pet Bowl Moisture-proof Cat Bowl Dog Basin Dual-use Multi-functional Drinking And Feeding,THE SEAMARK GLOBAL INNOVATIONS LIMITED,Pet Supplies,"cat bowl, corner bowl, dog bowl, dual use, feeding basin, pet bowl, pet feeder, pet supplies, water dispenser",8.99,13.99,2.98,Unspecified,active,35.7,66.9,Pet Supplies,10
baby-blue-pink1pc-pink-blue-cherry-blossom-embroidery-cat-collar-with-bell-safety-breakaway-buckle-pet-accessory-for-kitten-puppy-126597792093-qr1nt,Cherry Blossom Embroidered Cat Collar With Bell Safety Breakaway Buckle Pink Blue,THE SEAMARK GLOBAL INNOVATIONS LIMITED,Pet Supplies,"bell collar, breakaway buckle, cat collar, cherry blossom, embroidery collar, floral design, kitten collar, pet accessory, puppy collar",4.99,6.99,0.8,Unspecified,active,28.6,84.0,Pet Supplies,10
s-cat-tunnel-tube-foldable-cat-toys-kitty-training-interactive-fun-toy-tunnel-bored-for-puppy-kitten-pet-supplies-cat-accessories-126597792093-jqrge,Foldable Cat Tunnel Tube Interactive Play Toy For Kittens And Puppies Small,THE SEAMARK GLOBAL INNOVATIONS LIMITED,Pet Supplies,"cat tunnel, collapsible tube, foldable pet toy, interactive cat toy, kitten tunnel, pet exercise, puppy toy, rainbow tunnel",13.99,19.99,5.13,Unspecified,active,30.0,63.3,Pet Supplies,3
s16990-mrpaper-6-styles-plastic-stackable-foldable-stationary-holder-simple-cute-student-office-desktop-storage-stationery-organizer-126597792093-yl8gm,Mr.paper Stackable Foldable Stationery Holder Cute Desktop Storage Organiser,THE SEAMARK GLOBAL INNOVATIONS LIMITED,Office Supplies,"desk organizer, desk storage, foldable box, foldable storage, office supplies, plastic crate, stationery holder, stationery organizer",6.99,9.99,1.64,Unspecified,active,30.0,76.5,Office Supplies,10
12-pcs-set-a-6pcs-and-6refills-glue-pen-candy-color-quick-dry-dot-glue-sticks-high-viscosity-dispensing-pen-cute-paper-glue-school-stationary-126597792093-qgnml,Quick Dry Dot Glue Pen Set 6 Pens And 6 Refills Candy Colour School Stationery,THE SEAMARK GLOBAL INNOVATIONS LIMITED,Office Supplies,"Candy Color, Crafting Supplies, Dispensing Pen, Dot Glue, Glue Pen, Paper Glue, Quick Dry, Refill Sticks, School Stationery",6.99,9.99,1.65,Unspecified,active,30.0,76.4,Office Supplies,10
black-a4-file-folder-clipboard-writing-pad-memo-clip-board-clips-test-paper-storage-organizer-school-supplies-office-stationary-126597792093-pjmgl,A4 Clipboard File Folder Black Writing Pad Memo Clip Board Office Stationery,THE SEAMARK GLOBAL INNOVATIONS LIMITED,Office Supplies,"a4 clipboard, black clipboard, clipboard, document holder, file organizer, memo clip, office supplies, school supplies, stationery, writing pad",9.99,14.99,3.28,Unspecified,active,33.4,67.2,Office Supplies,10
